@file_1,@file_2,@file_3,@file_4
R19E00001.pdf,R19E01501.pdf,R19E03001.pdf,R19E04501.pdf
R19E00002.pdf,R19E01502.pdf,R19E03002.pdf,R19E04502.pdf
R19E00003.pdf,R19E01503.pdf,R19E03003.pdf,R19E04503.pdf
R19E00004.pdf,R19E01504.pdf,R19E03004.pdf,R19E04504.pdf
R19E00005.pdf,R19E01505.pdf,R19E03005.pdf,R19E04505.pdf
R19E00006.pdf,R19E01506.pdf,R19E03006.pdf,R19E04506.pdf
R19E00007.pdf,R19E01507.pdf,R19E03007.pdf,R19E04507.pdf
R19E00008.pdf,R19E01508.pdf,R19E03008.pdf,R19E04508.pdf
R19E00009.pdf,R19E01509.pdf,R19E03009.pdf,R19E04509.pdf
R19E00010.pdf,R19E01510.pdf,R19E03010.pdf,R19E04510.pdf
R19E00011.pdf,R19E01511.pdf,R19E03011.pdf,R19E04511.pdf
R19E00012.pdf,R19E01512.pdf,R19E03012.pdf,R19E04512.pdf
R19E00013.pdf,R19E01513.pdf,R19E03013.pdf,R19E04513.pdf
R19E00014.pdf,R19E01514.pdf,R19E03014.pdf,R19E04514.pdf
R19E00015.pdf,R19E01515.pdf,R19E03015.pdf,R19E04515.pdf
R19E00016.pdf,R19E01516.pdf,R19E03016.pdf,R19E04516.pdf
R19E00017.pdf,R19E01517.pdf,R19E03017.pdf,R19E04517.pdf
R19E00018.pdf,R19E01518.pdf,R19E03018.pdf,R19E04518.pdf
R19E00019.pdf,R19E01519.pdf,R19E03019.pdf,R19E04519.pdf
R19E00020.pdf,R19E01520.pdf,R19E03020.pdf,R19E04520.pdf
R19E00021.pdf,R19E01521.pdf,R19E03021.pdf,R19E04521.pdf
R19E00022.pdf,R19E01522.pdf,R19E03022.pdf,R19E04522.pdf
R19E00023.pdf,R19E01523.pdf,R19E03023.pdf,R19E04523.pdf
R19E00024.pdf,R19E01524.pdf,R19E03024.pdf,R19E04524.pdf
R19E00025.pdf,R19E01525.pdf,R19E03025.pdf,R19E04525.pdf
R19E00026.pdf,R19E01526.pdf,R19E03026.pdf,R19E04526.pdf
R19E00027.pdf,R19E01527.pdf,R19E03027.pdf,R19E04527.pdf
R19E00028.pdf,R19E01528.pdf,R19E03028.pdf,R19E04528.pdf
R19E00029.pdf,R19E01529.pdf,R19E03029.pdf,R19E04529.pdf
R19E00030.pdf,R19E01530.pdf,R19E03030.pdf,R19E04530.pdf
R19E00031.pdf,R19E01531.pdf,R19E03031.pdf,R19E04531.pdf
R19E00032.pdf,R19E01532.pdf,R19E03032.pdf,R19E04532.pdf
R19E00033.pdf,R19E01533.pdf,R19E03033.pdf,R19E04533.pdf
R19E00034.pdf,R19E01534.pdf,R19E03034.pdf,R19E04534.pdf
R19E00035.pdf,R19E01535.pdf,R19E03035.pdf,R19E04535.pdf
R19E00036.pdf,R19E01536.pdf,R19E03036.pdf,R19E04536.pdf
R19E00037.pdf,R19E01537.pdf,R19E03037.pdf,R19E04537.pdf
R19E00038.pdf,R19E01538.pdf,R19E03038.pdf,R19E04538.pdf
R19E00039.pdf,R19E01539.pdf,R19E03039.pdf,R19E04539.pdf
R19E00040.pdf,R19E01540.pdf,R19E03040.pdf,R19E04540.pdf
R19E00041.pdf,R19E01541.pdf,R19E03041.pdf,R19E04541.pdf
R19E00042.pdf,R19E01542.pdf,R19E03042.pdf,R19E04542.pdf
R19E00043.pdf,R19E01543.pdf,R19E03043.pdf,R19E04543.pdf
R19E00044.pdf,R19E01544.pdf,R19E03044.pdf,R19E04544.pdf
R19E00045.pdf,R19E01545.pdf,R19E03045.pdf,R19E04545.pdf
R19E00046.pdf,R19E01546.pdf,R19E03046.pdf,R19E04546.pdf
R19E00047.pdf,R19E01547.pdf,R19E03047.pdf,R19E04547.pdf
R19E00048.pdf,R19E01548.pdf,R19E03048.pdf,R19E04548.pdf
R19E00049.pdf,R19E01549.pdf,R19E03049.pdf,R19E04549.pdf
R19E00050.pdf,R19E01550.pdf,R19E03050.pdf,R19E04550.pdf
R19E00051.pdf,R19E01551.pdf,R19E03051.pdf,R19E04551.pdf
R19E00052.pdf,R19E01552.pdf,R19E03052.pdf,R19E04552.pdf
R19E00053.pdf,R19E01553.pdf,R19E03053.pdf,R19E04553.pdf
R19E00054.pdf,R19E01554.pdf,R19E03054.pdf,R19E04554.pdf
R19E00055.pdf,R19E01555.pdf,R19E03055.pdf,R19E04555.pdf
R19E00056.pdf,R19E01556.pdf,R19E03056.pdf,R19E04556.pdf
R19E00057.pdf,R19E01557.pdf,R19E03057.pdf,R19E04557.pdf
R19E00058.pdf,R19E01558.pdf,R19E03058.pdf,R19E04558.pdf
R19E00059.pdf,R19E01559.pdf,R19E03059.pdf,R19E04559.pdf
R19E00060.pdf,R19E01560.pdf,R19E03060.pdf,R19E04560.pdf
R19E00061.pdf,R19E01561.pdf,R19E03061.pdf,R19E04561.pdf
R19E00062.pdf,R19E01562.pdf,R19E03062.pdf,R19E04562.pdf
R19E00063.pdf,R19E01563.pdf,R19E03063.pdf,R19E04563.pdf
R19E00064.pdf,R19E01564.pdf,R19E03064.pdf,R19E04564.pdf
R19E00065.pdf,R19E01565.pdf,R19E03065.pdf,R19E04565.pdf
R19E00066.pdf,R19E01566.pdf,R19E03066.pdf,R19E04566.pdf
R19E00067.pdf,R19E01567.pdf,R19E03067.pdf,R19E04567.pdf
R19E00068.pdf,R19E01568.pdf,R19E03068.pdf,R19E04568.pdf
R19E00069.pdf,R19E01569.pdf,R19E03069.pdf,R19E04569.pdf
R19E00070.pdf,R19E01570.pdf,R19E03070.pdf,R19E04570.pdf
R19E00071.pdf,R19E01571.pdf,R19E03071.pdf,R19E04571.pdf
R19E00072.pdf,R19E01572.pdf,R19E03072.pdf,R19E04572.pdf
R19E00073.pdf,R19E01573.pdf,R19E03073.pdf,R19E04573.pdf
R19E00074.pdf,R19E01574.pdf,R19E03074.pdf,R19E04574.pdf
R19E00075.pdf,R19E01575.pdf,R19E03075.pdf,R19E04575.pdf
R19E00076.pdf,R19E01576.pdf,R19E03076.pdf,R19E04576.pdf
R19E00077.pdf,R19E01577.pdf,R19E03077.pdf,R19E04577.pdf
R19E00078.pdf,R19E01578.pdf,R19E03078.pdf,R19E04578.pdf
R19E00079.pdf,R19E01579.pdf,R19E03079.pdf,R19E04579.pdf
R19E00080.pdf,R19E01580.pdf,R19E03080.pdf,R19E04580.pdf
R19E00081.pdf,R19E01581.pdf,R19E03081.pdf,R19E04581.pdf
R19E00082.pdf,R19E01582.pdf,R19E03082.pdf,R19E04582.pdf
R19E00083.pdf,R19E01583.pdf,R19E03083.pdf,R19E04583.pdf
R19E00084.pdf,R19E01584.pdf,R19E03084.pdf,R19E04584.pdf
R19E00085.pdf,R19E01585.pdf,R19E03085.pdf,R19E04585.pdf
R19E00086.pdf,R19E01586.pdf,R19E03086.pdf,R19E04586.pdf
R19E00087.pdf,R19E01587.pdf,R19E03087.pdf,R19E04587.pdf
R19E00088.pdf,R19E01588.pdf,R19E03088.pdf,R19E04588.pdf
R19E00089.pdf,R19E01589.pdf,R19E03089.pdf,R19E04589.pdf
R19E00090.pdf,R19E01590.pdf,R19E03090.pdf,R19E04590.pdf
R19E00091.pdf,R19E01591.pdf,R19E03091.pdf,R19E04591.pdf
R19E00092.pdf,R19E01592.pdf,R19E03092.pdf,R19E04592.pdf
R19E00093.pdf,R19E01593.pdf,R19E03093.pdf,R19E04593.pdf
R19E00094.pdf,R19E01594.pdf,R19E03094.pdf,R19E04594.pdf
R19E00095.pdf,R19E01595.pdf,R19E03095.pdf,R19E04595.pdf
R19E00096.pdf,R19E01596.pdf,R19E03096.pdf,R19E04596.pdf
R19E00097.pdf,R19E01597.pdf,R19E03097.pdf,R19E04597.pdf
R19E00098.pdf,R19E01598.pdf,R19E03098.pdf,R19E04598.pdf
R19E00099.pdf,R19E01599.pdf,R19E03099.pdf,R19E04599.pdf
R19E00100.pdf,R19E01600.pdf,R19E03100.pdf,R19E04600.pdf
R19E00101.pdf,R19E01601.pdf,R19E03101.pdf,R19E04601.pdf
R19E00102.pdf,R19E01602.pdf,R19E03102.pdf,R19E04602.pdf
R19E00103.pdf,R19E01603.pdf,R19E03103.pdf,R19E04603.pdf
R19E00104.pdf,R19E01604.pdf,R19E03104.pdf,R19E04604.pdf
R19E00105.pdf,R19E01605.pdf,R19E03105.pdf,R19E04605.pdf
R19E00106.pdf,R19E01606.pdf,R19E03106.pdf,R19E04606.pdf
R19E00107.pdf,R19E01607.pdf,R19E03107.pdf,R19E04607.pdf
R19E00108.pdf,R19E01608.pdf,R19E03108.pdf,R19E04608.pdf
R19E00109.pdf,R19E01609.pdf,R19E03109.pdf,R19E04609.pdf
R19E00110.pdf,R19E01610.pdf,R19E03110.pdf,R19E04610.pdf
R19E00111.pdf,R19E01611.pdf,R19E03111.pdf,R19E04611.pdf
R19E00112.pdf,R19E01612.pdf,R19E03112.pdf,R19E04612.pdf
R19E00113.pdf,R19E01613.pdf,R19E03113.pdf,R19E04613.pdf
R19E00114.pdf,R19E01614.pdf,R19E03114.pdf,R19E04614.pdf
R19E00115.pdf,R19E01615.pdf,R19E03115.pdf,R19E04615.pdf
R19E00116.pdf,R19E01616.pdf,R19E03116.pdf,R19E04616.pdf
R19E00117.pdf,R19E01617.pdf,R19E03117.pdf,R19E04617.pdf
R19E00118.pdf,R19E01618.pdf,R19E03118.pdf,R19E04618.pdf
R19E00119.pdf,R19E01619.pdf,R19E03119.pdf,R19E04619.pdf
R19E00120.pdf,R19E01620.pdf,R19E03120.pdf,R19E04620.pdf
R19E00121.pdf,R19E01621.pdf,R19E03121.pdf,R19E04621.pdf
R19E00122.pdf,R19E01622.pdf,R19E03122.pdf,R19E04622.pdf
R19E00123.pdf,R19E01623.pdf,R19E03123.pdf,R19E04623.pdf
R19E00124.pdf,R19E01624.pdf,R19E03124.pdf,R19E04624.pdf
R19E00125.pdf,R19E01625.pdf,R19E03125.pdf,R19E04625.pdf
R19E00126.pdf,R19E01626.pdf,R19E03126.pdf,R19E04626.pdf
R19E00127.pdf,R19E01627.pdf,R19E03127.pdf,R19E04627.pdf
R19E00128.pdf,R19E01628.pdf,R19E03128.pdf,R19E04628.pdf
R19E00129.pdf,R19E01629.pdf,R19E03129.pdf,R19E04629.pdf
R19E00130.pdf,R19E01630.pdf,R19E03130.pdf,R19E04630.pdf
R19E00131.pdf,R19E01631.pdf,R19E03131.pdf,R19E04631.pdf
R19E00132.pdf,R19E01632.pdf,R19E03132.pdf,R19E04632.pdf
R19E00133.pdf,R19E01633.pdf,R19E03133.pdf,R19E04633.pdf
R19E00134.pdf,R19E01634.pdf,R19E03134.pdf,R19E04634.pdf
R19E00135.pdf,R19E01635.pdf,R19E03135.pdf,R19E04635.pdf
R19E00136.pdf,R19E01636.pdf,R19E03136.pdf,R19E04636.pdf
R19E00137.pdf,R19E01637.pdf,R19E03137.pdf,R19E04637.pdf
R19E00138.pdf,R19E01638.pdf,R19E03138.pdf,R19E04638.pdf
R19E00139.pdf,R19E01639.pdf,R19E03139.pdf,R19E04639.pdf
R19E00140.pdf,R19E01640.pdf,R19E03140.pdf,R19E04640.pdf
R19E00141.pdf,R19E01641.pdf,R19E03141.pdf,R19E04641.pdf
R19E00142.pdf,R19E01642.pdf,R19E03142.pdf,R19E04642.pdf
R19E00143.pdf,R19E01643.pdf,R19E03143.pdf,R19E04643.pdf
R19E00144.pdf,R19E01644.pdf,R19E03144.pdf,R19E04644.pdf
R19E00145.pdf,R19E01645.pdf,R19E03145.pdf,R19E04645.pdf
R19E00146.pdf,R19E01646.pdf,R19E03146.pdf,R19E04646.pdf
R19E00147.pdf,R19E01647.pdf,R19E03147.pdf,R19E04647.pdf
R19E00148.pdf,R19E01648.pdf,R19E03148.pdf,R19E04648.pdf
R19E00149.pdf,R19E01649.pdf,R19E03149.pdf,R19E04649.pdf
R19E00150.pdf,R19E01650.pdf,R19E03150.pdf,R19E04650.pdf
R19E00151.pdf,R19E01651.pdf,R19E03151.pdf,R19E04651.pdf
R19E00152.pdf,R19E01652.pdf,R19E03152.pdf,R19E04652.pdf
R19E00153.pdf,R19E01653.pdf,R19E03153.pdf,R19E04653.pdf
R19E00154.pdf,R19E01654.pdf,R19E03154.pdf,R19E04654.pdf
R19E00155.pdf,R19E01655.pdf,R19E03155.pdf,R19E04655.pdf
R19E00156.pdf,R19E01656.pdf,R19E03156.pdf,R19E04656.pdf
R19E00157.pdf,R19E01657.pdf,R19E03157.pdf,R19E04657.pdf
R19E00158.pdf,R19E01658.pdf,R19E03158.pdf,R19E04658.pdf
R19E00159.pdf,R19E01659.pdf,R19E03159.pdf,R19E04659.pdf
R19E00160.pdf,R19E01660.pdf,R19E03160.pdf,R19E04660.pdf
R19E00161.pdf,R19E01661.pdf,R19E03161.pdf,R19E04661.pdf
R19E00162.pdf,R19E01662.pdf,R19E03162.pdf,R19E04662.pdf
R19E00163.pdf,R19E01663.pdf,R19E03163.pdf,R19E04663.pdf
R19E00164.pdf,R19E01664.pdf,R19E03164.pdf,R19E04664.pdf
R19E00165.pdf,R19E01665.pdf,R19E03165.pdf,R19E04665.pdf
R19E00166.pdf,R19E01666.pdf,R19E03166.pdf,R19E04666.pdf
R19E00167.pdf,R19E01667.pdf,R19E03167.pdf,R19E04667.pdf
R19E00168.pdf,R19E01668.pdf,R19E03168.pdf,R19E04668.pdf
R19E00169.pdf,R19E01669.pdf,R19E03169.pdf,R19E04669.pdf
R19E00170.pdf,R19E01670.pdf,R19E03170.pdf,R19E04670.pdf
R19E00171.pdf,R19E01671.pdf,R19E03171.pdf,R19E04671.pdf
R19E00172.pdf,R19E01672.pdf,R19E03172.pdf,R19E04672.pdf
R19E00173.pdf,R19E01673.pdf,R19E03173.pdf,R19E04673.pdf
R19E00174.pdf,R19E01674.pdf,R19E03174.pdf,R19E04674.pdf
R19E00175.pdf,R19E01675.pdf,R19E03175.pdf,R19E04675.pdf
R19E00176.pdf,R19E01676.pdf,R19E03176.pdf,R19E04676.pdf
R19E00177.pdf,R19E01677.pdf,R19E03177.pdf,R19E04677.pdf
R19E00178.pdf,R19E01678.pdf,R19E03178.pdf,R19E04678.pdf
R19E00179.pdf,R19E01679.pdf,R19E03179.pdf,R19E04679.pdf
R19E00180.pdf,R19E01680.pdf,R19E03180.pdf,R19E04680.pdf
R19E00181.pdf,R19E01681.pdf,R19E03181.pdf,R19E04681.pdf
R19E00182.pdf,R19E01682.pdf,R19E03182.pdf,R19E04682.pdf
R19E00183.pdf,R19E01683.pdf,R19E03183.pdf,R19E04683.pdf
R19E00184.pdf,R19E01684.pdf,R19E03184.pdf,R19E04684.pdf
R19E00185.pdf,R19E01685.pdf,R19E03185.pdf,R19E04685.pdf
R19E00186.pdf,R19E01686.pdf,R19E03186.pdf,R19E04686.pdf
R19E00187.pdf,R19E01687.pdf,R19E03187.pdf,R19E04687.pdf
R19E00188.pdf,R19E01688.pdf,R19E03188.pdf,R19E04688.pdf
R19E00189.pdf,R19E01689.pdf,R19E03189.pdf,R19E04689.pdf
R19E00190.pdf,R19E01690.pdf,R19E03190.pdf,R19E04690.pdf
R19E00191.pdf,R19E01691.pdf,R19E03191.pdf,R19E04691.pdf
R19E00192.pdf,R19E01692.pdf,R19E03192.pdf,R19E04692.pdf
R19E00193.pdf,R19E01693.pdf,R19E03193.pdf,R19E04693.pdf
R19E00194.pdf,R19E01694.pdf,R19E03194.pdf,R19E04694.pdf
R19E00195.pdf,R19E01695.pdf,R19E03195.pdf,R19E04695.pdf
R19E00196.pdf,R19E01696.pdf,R19E03196.pdf,R19E04696.pdf
R19E00197.pdf,R19E01697.pdf,R19E03197.pdf,R19E04697.pdf
R19E00198.pdf,R19E01698.pdf,R19E03198.pdf,R19E04698.pdf
R19E00199.pdf,R19E01699.pdf,R19E03199.pdf,R19E04699.pdf
R19E00200.pdf,R19E01700.pdf,R19E03200.pdf,R19E04700.pdf
R19E00201.pdf,R19E01701.pdf,R19E03201.pdf,R19E04701.pdf
R19E00202.pdf,R19E01702.pdf,R19E03202.pdf,R19E04702.pdf
R19E00203.pdf,R19E01703.pdf,R19E03203.pdf,R19E04703.pdf
R19E00204.pdf,R19E01704.pdf,R19E03204.pdf,R19E04704.pdf
R19E00205.pdf,R19E01705.pdf,R19E03205.pdf,R19E04705.pdf
R19E00206.pdf,R19E01706.pdf,R19E03206.pdf,R19E04706.pdf
R19E00207.pdf,R19E01707.pdf,R19E03207.pdf,R19E04707.pdf
R19E00208.pdf,R19E01708.pdf,R19E03208.pdf,R19E04708.pdf
R19E00209.pdf,R19E01709.pdf,R19E03209.pdf,R19E04709.pdf
R19E00210.pdf,R19E01710.pdf,R19E03210.pdf,R19E04710.pdf
R19E00211.pdf,R19E01711.pdf,R19E03211.pdf,R19E04711.pdf
R19E00212.pdf,R19E01712.pdf,R19E03212.pdf,R19E04712.pdf
R19E00213.pdf,R19E01713.pdf,R19E03213.pdf,R19E04713.pdf
R19E00214.pdf,R19E01714.pdf,R19E03214.pdf,R19E04714.pdf
R19E00215.pdf,R19E01715.pdf,R19E03215.pdf,R19E04715.pdf
R19E00216.pdf,R19E01716.pdf,R19E03216.pdf,R19E04716.pdf
R19E00217.pdf,R19E01717.pdf,R19E03217.pdf,R19E04717.pdf
R19E00218.pdf,R19E01718.pdf,R19E03218.pdf,R19E04718.pdf
R19E00219.pdf,R19E01719.pdf,R19E03219.pdf,R19E04719.pdf
R19E00220.pdf,R19E01720.pdf,R19E03220.pdf,R19E04720.pdf
R19E00221.pdf,R19E01721.pdf,R19E03221.pdf,R19E04721.pdf
R19E00222.pdf,R19E01722.pdf,R19E03222.pdf,R19E04722.pdf
R19E00223.pdf,R19E01723.pdf,R19E03223.pdf,R19E04723.pdf
R19E00224.pdf,R19E01724.pdf,R19E03224.pdf,R19E04724.pdf
R19E00225.pdf,R19E01725.pdf,R19E03225.pdf,R19E04725.pdf
R19E00226.pdf,R19E01726.pdf,R19E03226.pdf,R19E04726.pdf
R19E00227.pdf,R19E01727.pdf,R19E03227.pdf,R19E04727.pdf
R19E00228.pdf,R19E01728.pdf,R19E03228.pdf,R19E04728.pdf
R19E00229.pdf,R19E01729.pdf,R19E03229.pdf,R19E04729.pdf
R19E00230.pdf,R19E01730.pdf,R19E03230.pdf,R19E04730.pdf
R19E00231.pdf,R19E01731.pdf,R19E03231.pdf,R19E04731.pdf
R19E00232.pdf,R19E01732.pdf,R19E03232.pdf,R19E04732.pdf
R19E00233.pdf,R19E01733.pdf,R19E03233.pdf,R19E04733.pdf
R19E00234.pdf,R19E01734.pdf,R19E03234.pdf,R19E04734.pdf
R19E00235.pdf,R19E01735.pdf,R19E03235.pdf,R19E04735.pdf
R19E00236.pdf,R19E01736.pdf,R19E03236.pdf,R19E04736.pdf
R19E00237.pdf,R19E01737.pdf,R19E03237.pdf,R19E04737.pdf
R19E00238.pdf,R19E01738.pdf,R19E03238.pdf,R19E04738.pdf
R19E00239.pdf,R19E01739.pdf,R19E03239.pdf,R19E04739.pdf
R19E00240.pdf,R19E01740.pdf,R19E03240.pdf,R19E04740.pdf
R19E00241.pdf,R19E01741.pdf,R19E03241.pdf,R19E04741.pdf
R19E00242.pdf,R19E01742.pdf,R19E03242.pdf,R19E04742.pdf
R19E00243.pdf,R19E01743.pdf,R19E03243.pdf,R19E04743.pdf
R19E00244.pdf,R19E01744.pdf,R19E03244.pdf,R19E04744.pdf
R19E00245.pdf,R19E01745.pdf,R19E03245.pdf,R19E04745.pdf
R19E00246.pdf,R19E01746.pdf,R19E03246.pdf,R19E04746.pdf
R19E00247.pdf,R19E01747.pdf,R19E03247.pdf,R19E04747.pdf
R19E00248.pdf,R19E01748.pdf,R19E03248.pdf,R19E04748.pdf
R19E00249.pdf,R19E01749.pdf,R19E03249.pdf,R19E04749.pdf
R19E00250.pdf,R19E01750.pdf,R19E03250.pdf,R19E04750.pdf
R19E00251.pdf,R19E01751.pdf,R19E03251.pdf,R19E04751.pdf
R19E00252.pdf,R19E01752.pdf,R19E03252.pdf,R19E04752.pdf
R19E00253.pdf,R19E01753.pdf,R19E03253.pdf,R19E04753.pdf
R19E00254.pdf,R19E01754.pdf,R19E03254.pdf,R19E04754.pdf
R19E00255.pdf,R19E01755.pdf,R19E03255.pdf,R19E04755.pdf
R19E00256.pdf,R19E01756.pdf,R19E03256.pdf,R19E04756.pdf
R19E00257.pdf,R19E01757.pdf,R19E03257.pdf,R19E04757.pdf
R19E00258.pdf,R19E01758.pdf,R19E03258.pdf,R19E04758.pdf
R19E00259.pdf,R19E01759.pdf,R19E03259.pdf,R19E04759.pdf
R19E00260.pdf,R19E01760.pdf,R19E03260.pdf,R19E04760.pdf
R19E00261.pdf,R19E01761.pdf,R19E03261.pdf,R19E04761.pdf
R19E00262.pdf,R19E01762.pdf,R19E03262.pdf,R19E04762.pdf
R19E00263.pdf,R19E01763.pdf,R19E03263.pdf,R19E04763.pdf
R19E00264.pdf,R19E01764.pdf,R19E03264.pdf,R19E04764.pdf
R19E00265.pdf,R19E01765.pdf,R19E03265.pdf,R19E04765.pdf
R19E00266.pdf,R19E01766.pdf,R19E03266.pdf,R19E04766.pdf
R19E00267.pdf,R19E01767.pdf,R19E03267.pdf,R19E04767.pdf
R19E00268.pdf,R19E01768.pdf,R19E03268.pdf,R19E04768.pdf
R19E00269.pdf,R19E01769.pdf,R19E03269.pdf,R19E04769.pdf
R19E00270.pdf,R19E01770.pdf,R19E03270.pdf,R19E04770.pdf
R19E00271.pdf,R19E01771.pdf,R19E03271.pdf,R19E04771.pdf
R19E00272.pdf,R19E01772.pdf,R19E03272.pdf,R19E04772.pdf
R19E00273.pdf,R19E01773.pdf,R19E03273.pdf,R19E04773.pdf
R19E00274.pdf,R19E01774.pdf,R19E03274.pdf,R19E04774.pdf
R19E00275.pdf,R19E01775.pdf,R19E03275.pdf,R19E04775.pdf
R19E00276.pdf,R19E01776.pdf,R19E03276.pdf,R19E04776.pdf
R19E00277.pdf,R19E01777.pdf,R19E03277.pdf,R19E04777.pdf
R19E00278.pdf,R19E01778.pdf,R19E03278.pdf,R19E04778.pdf
R19E00279.pdf,R19E01779.pdf,R19E03279.pdf,R19E04779.pdf
R19E00280.pdf,R19E01780.pdf,R19E03280.pdf,R19E04780.pdf
R19E00281.pdf,R19E01781.pdf,R19E03281.pdf,R19E04781.pdf
R19E00282.pdf,R19E01782.pdf,R19E03282.pdf,R19E04782.pdf
R19E00283.pdf,R19E01783.pdf,R19E03283.pdf,R19E04783.pdf
R19E00284.pdf,R19E01784.pdf,R19E03284.pdf,R19E04784.pdf
R19E00285.pdf,R19E01785.pdf,R19E03285.pdf,R19E04785.pdf
R19E00286.pdf,R19E01786.pdf,R19E03286.pdf,R19E04786.pdf
R19E00287.pdf,R19E01787.pdf,R19E03287.pdf,R19E04787.pdf
R19E00288.pdf,R19E01788.pdf,R19E03288.pdf,R19E04788.pdf
R19E00289.pdf,R19E01789.pdf,R19E03289.pdf,R19E04789.pdf
R19E00290.pdf,R19E01790.pdf,R19E03290.pdf,R19E04790.pdf
R19E00291.pdf,R19E01791.pdf,R19E03291.pdf,R19E04791.pdf
R19E00292.pdf,R19E01792.pdf,R19E03292.pdf,R19E04792.pdf
R19E00293.pdf,R19E01793.pdf,R19E03293.pdf,R19E04793.pdf
R19E00294.pdf,R19E01794.pdf,R19E03294.pdf,R19E04794.pdf
R19E00295.pdf,R19E01795.pdf,R19E03295.pdf,R19E04795.pdf
R19E00296.pdf,R19E01796.pdf,R19E03296.pdf,R19E04796.pdf
R19E00297.pdf,R19E01797.pdf,R19E03297.pdf,R19E04797.pdf
R19E00298.pdf,R19E01798.pdf,R19E03298.pdf,R19E04798.pdf
R19E00299.pdf,R19E01799.pdf,R19E03299.pdf,R19E04799.pdf
R19E00300.pdf,R19E01800.pdf,R19E03300.pdf,R19E04800.pdf
R19E00301.pdf,R19E01801.pdf,R19E03301.pdf,R19E04801.pdf
R19E00302.pdf,R19E01802.pdf,R19E03302.pdf,R19E04802.pdf
R19E00303.pdf,R19E01803.pdf,R19E03303.pdf,R19E04803.pdf
R19E00304.pdf,R19E01804.pdf,R19E03304.pdf,R19E04804.pdf
R19E00305.pdf,R19E01805.pdf,R19E03305.pdf,R19E04805.pdf
R19E00306.pdf,R19E01806.pdf,R19E03306.pdf,R19E04806.pdf
R19E00307.pdf,R19E01807.pdf,R19E03307.pdf,R19E04807.pdf
R19E00308.pdf,R19E01808.pdf,R19E03308.pdf,R19E04808.pdf
R19E00309.pdf,R19E01809.pdf,R19E03309.pdf,R19E04809.pdf
R19E00310.pdf,R19E01810.pdf,R19E03310.pdf,R19E04810.pdf
R19E00311.pdf,R19E01811.pdf,R19E03311.pdf,R19E04811.pdf
R19E00312.pdf,R19E01812.pdf,R19E03312.pdf,R19E04812.pdf
R19E00313.pdf,R19E01813.pdf,R19E03313.pdf,R19E04813.pdf
R19E00314.pdf,R19E01814.pdf,R19E03314.pdf,R19E04814.pdf
R19E00315.pdf,R19E01815.pdf,R19E03315.pdf,R19E04815.pdf
R19E00316.pdf,R19E01816.pdf,R19E03316.pdf,R19E04816.pdf
R19E00317.pdf,R19E01817.pdf,R19E03317.pdf,R19E04817.pdf
R19E00318.pdf,R19E01818.pdf,R19E03318.pdf,R19E04818.pdf
R19E00319.pdf,R19E01819.pdf,R19E03319.pdf,R19E04819.pdf
R19E00320.pdf,R19E01820.pdf,R19E03320.pdf,R19E04820.pdf
R19E00321.pdf,R19E01821.pdf,R19E03321.pdf,R19E04821.pdf
R19E00322.pdf,R19E01822.pdf,R19E03322.pdf,R19E04822.pdf
R19E00323.pdf,R19E01823.pdf,R19E03323.pdf,R19E04823.pdf
R19E00324.pdf,R19E01824.pdf,R19E03324.pdf,R19E04824.pdf
R19E00325.pdf,R19E01825.pdf,R19E03325.pdf,R19E04825.pdf
R19E00326.pdf,R19E01826.pdf,R19E03326.pdf,R19E04826.pdf
R19E00327.pdf,R19E01827.pdf,R19E03327.pdf,R19E04827.pdf
R19E00328.pdf,R19E01828.pdf,R19E03328.pdf,R19E04828.pdf
R19E00329.pdf,R19E01829.pdf,R19E03329.pdf,R19E04829.pdf
R19E00330.pdf,R19E01830.pdf,R19E03330.pdf,R19E04830.pdf
R19E00331.pdf,R19E01831.pdf,R19E03331.pdf,R19E04831.pdf
R19E00332.pdf,R19E01832.pdf,R19E03332.pdf,R19E04832.pdf
R19E00333.pdf,R19E01833.pdf,R19E03333.pdf,R19E04833.pdf
R19E00334.pdf,R19E01834.pdf,R19E03334.pdf,R19E04834.pdf
R19E00335.pdf,R19E01835.pdf,R19E03335.pdf,R19E04835.pdf
R19E00336.pdf,R19E01836.pdf,R19E03336.pdf,R19E04836.pdf
R19E00337.pdf,R19E01837.pdf,R19E03337.pdf,R19E04837.pdf
R19E00338.pdf,R19E01838.pdf,R19E03338.pdf,R19E04838.pdf
R19E00339.pdf,R19E01839.pdf,R19E03339.pdf,R19E04839.pdf
R19E00340.pdf,R19E01840.pdf,R19E03340.pdf,R19E04840.pdf
R19E00341.pdf,R19E01841.pdf,R19E03341.pdf,R19E04841.pdf
R19E00342.pdf,R19E01842.pdf,R19E03342.pdf,R19E04842.pdf
R19E00343.pdf,R19E01843.pdf,R19E03343.pdf,R19E04843.pdf
R19E00344.pdf,R19E01844.pdf,R19E03344.pdf,R19E04844.pdf
R19E00345.pdf,R19E01845.pdf,R19E03345.pdf,R19E04845.pdf
R19E00346.pdf,R19E01846.pdf,R19E03346.pdf,R19E04846.pdf
R19E00347.pdf,R19E01847.pdf,R19E03347.pdf,R19E04847.pdf
R19E00348.pdf,R19E01848.pdf,R19E03348.pdf,R19E04848.pdf
R19E00349.pdf,R19E01849.pdf,R19E03349.pdf,R19E04849.pdf
R19E00350.pdf,R19E01850.pdf,R19E03350.pdf,R19E04850.pdf
R19E00351.pdf,R19E01851.pdf,R19E03351.pdf,R19E04851.pdf
R19E00352.pdf,R19E01852.pdf,R19E03352.pdf,R19E04852.pdf
R19E00353.pdf,R19E01853.pdf,R19E03353.pdf,R19E04853.pdf
R19E00354.pdf,R19E01854.pdf,R19E03354.pdf,R19E04854.pdf
R19E00355.pdf,R19E01855.pdf,R19E03355.pdf,R19E04855.pdf
R19E00356.pdf,R19E01856.pdf,R19E03356.pdf,R19E04856.pdf
R19E00357.pdf,R19E01857.pdf,R19E03357.pdf,R19E04857.pdf
R19E00358.pdf,R19E01858.pdf,R19E03358.pdf,R19E04858.pdf
R19E00359.pdf,R19E01859.pdf,R19E03359.pdf,R19E04859.pdf
R19E00360.pdf,R19E01860.pdf,R19E03360.pdf,R19E04860.pdf
R19E00361.pdf,R19E01861.pdf,R19E03361.pdf,R19E04861.pdf
R19E00362.pdf,R19E01862.pdf,R19E03362.pdf,R19E04862.pdf
R19E00363.pdf,R19E01863.pdf,R19E03363.pdf,R19E04863.pdf
R19E00364.pdf,R19E01864.pdf,R19E03364.pdf,R19E04864.pdf
R19E00365.pdf,R19E01865.pdf,R19E03365.pdf,R19E04865.pdf
R19E00366.pdf,R19E01866.pdf,R19E03366.pdf,R19E04866.pdf
R19E00367.pdf,R19E01867.pdf,R19E03367.pdf,R19E04867.pdf
R19E00368.pdf,R19E01868.pdf,R19E03368.pdf,R19E04868.pdf
R19E00369.pdf,R19E01869.pdf,R19E03369.pdf,R19E04869.pdf
R19E00370.pdf,R19E01870.pdf,R19E03370.pdf,R19E04870.pdf
R19E00371.pdf,R19E01871.pdf,R19E03371.pdf,R19E04871.pdf
R19E00372.pdf,R19E01872.pdf,R19E03372.pdf,R19E04872.pdf
R19E00373.pdf,R19E01873.pdf,R19E03373.pdf,R19E04873.pdf
R19E00374.pdf,R19E01874.pdf,R19E03374.pdf,R19E04874.pdf
R19E00375.pdf,R19E01875.pdf,R19E03375.pdf,R19E04875.pdf
R19E00376.pdf,R19E01876.pdf,R19E03376.pdf,R19E04876.pdf
R19E00377.pdf,R19E01877.pdf,R19E03377.pdf,R19E04877.pdf
R19E00378.pdf,R19E01878.pdf,R19E03378.pdf,R19E04878.pdf
R19E00379.pdf,R19E01879.pdf,R19E03379.pdf,R19E04879.pdf
R19E00380.pdf,R19E01880.pdf,R19E03380.pdf,R19E04880.pdf
R19E00381.pdf,R19E01881.pdf,R19E03381.pdf,R19E04881.pdf
R19E00382.pdf,R19E01882.pdf,R19E03382.pdf,R19E04882.pdf
R19E00383.pdf,R19E01883.pdf,R19E03383.pdf,R19E04883.pdf
R19E00384.pdf,R19E01884.pdf,R19E03384.pdf,R19E04884.pdf
R19E00385.pdf,R19E01885.pdf,R19E03385.pdf,R19E04885.pdf
R19E00386.pdf,R19E01886.pdf,R19E03386.pdf,R19E04886.pdf
R19E00387.pdf,R19E01887.pdf,R19E03387.pdf,R19E04887.pdf
R19E00388.pdf,R19E01888.pdf,R19E03388.pdf,R19E04888.pdf
R19E00389.pdf,R19E01889.pdf,R19E03389.pdf,R19E04889.pdf
R19E00390.pdf,R19E01890.pdf,R19E03390.pdf,R19E04890.pdf
R19E00391.pdf,R19E01891.pdf,R19E03391.pdf,R19E04891.pdf
R19E00392.pdf,R19E01892.pdf,R19E03392.pdf,R19E04892.pdf
R19E00393.pdf,R19E01893.pdf,R19E03393.pdf,R19E04893.pdf
R19E00394.pdf,R19E01894.pdf,R19E03394.pdf,R19E04894.pdf
R19E00395.pdf,R19E01895.pdf,R19E03395.pdf,R19E04895.pdf
R19E00396.pdf,R19E01896.pdf,R19E03396.pdf,R19E04896.pdf
R19E00397.pdf,R19E01897.pdf,R19E03397.pdf,R19E04897.pdf
R19E00398.pdf,R19E01898.pdf,R19E03398.pdf,R19E04898.pdf
R19E00399.pdf,R19E01899.pdf,R19E03399.pdf,R19E04899.pdf
R19E00400.pdf,R19E01900.pdf,R19E03400.pdf,R19E04900.pdf
R19E00401.pdf,R19E01901.pdf,R19E03401.pdf,R19E04901.pdf
R19E00402.pdf,R19E01902.pdf,R19E03402.pdf,R19E04902.pdf
R19E00403.pdf,R19E01903.pdf,R19E03403.pdf,R19E04903.pdf
R19E00404.pdf,R19E01904.pdf,R19E03404.pdf,R19E04904.pdf
R19E00405.pdf,R19E01905.pdf,R19E03405.pdf,R19E04905.pdf
R19E00406.pdf,R19E01906.pdf,R19E03406.pdf,R19E04906.pdf
R19E00407.pdf,R19E01907.pdf,R19E03407.pdf,R19E04907.pdf
R19E00408.pdf,R19E01908.pdf,R19E03408.pdf,R19E04908.pdf
R19E00409.pdf,R19E01909.pdf,R19E03409.pdf,R19E04909.pdf
R19E00410.pdf,R19E01910.pdf,R19E03410.pdf,R19E04910.pdf
R19E00411.pdf,R19E01911.pdf,R19E03411.pdf,R19E04911.pdf
R19E00412.pdf,R19E01912.pdf,R19E03412.pdf,R19E04912.pdf
R19E00413.pdf,R19E01913.pdf,R19E03413.pdf,R19E04913.pdf
R19E00414.pdf,R19E01914.pdf,R19E03414.pdf,R19E04914.pdf
R19E00415.pdf,R19E01915.pdf,R19E03415.pdf,R19E04915.pdf
R19E00416.pdf,R19E01916.pdf,R19E03416.pdf,R19E04916.pdf
R19E00417.pdf,R19E01917.pdf,R19E03417.pdf,R19E04917.pdf
R19E00418.pdf,R19E01918.pdf,R19E03418.pdf,R19E04918.pdf
R19E00419.pdf,R19E01919.pdf,R19E03419.pdf,R19E04919.pdf
R19E00420.pdf,R19E01920.pdf,R19E03420.pdf,R19E04920.pdf
R19E00421.pdf,R19E01921.pdf,R19E03421.pdf,R19E04921.pdf
R19E00422.pdf,R19E01922.pdf,R19E03422.pdf,R19E04922.pdf
R19E00423.pdf,R19E01923.pdf,R19E03423.pdf,R19E04923.pdf
R19E00424.pdf,R19E01924.pdf,R19E03424.pdf,R19E04924.pdf
R19E00425.pdf,R19E01925.pdf,R19E03425.pdf,R19E04925.pdf
R19E00426.pdf,R19E01926.pdf,R19E03426.pdf,R19E04926.pdf
R19E00427.pdf,R19E01927.pdf,R19E03427.pdf,R19E04927.pdf
R19E00428.pdf,R19E01928.pdf,R19E03428.pdf,R19E04928.pdf
R19E00429.pdf,R19E01929.pdf,R19E03429.pdf,R19E04929.pdf
R19E00430.pdf,R19E01930.pdf,R19E03430.pdf,R19E04930.pdf
R19E00431.pdf,R19E01931.pdf,R19E03431.pdf,R19E04931.pdf
R19E00432.pdf,R19E01932.pdf,R19E03432.pdf,R19E04932.pdf
R19E00433.pdf,R19E01933.pdf,R19E03433.pdf,R19E04933.pdf
R19E00434.pdf,R19E01934.pdf,R19E03434.pdf,R19E04934.pdf
R19E00435.pdf,R19E01935.pdf,R19E03435.pdf,R19E04935.pdf
R19E00436.pdf,R19E01936.pdf,R19E03436.pdf,R19E04936.pdf
R19E00437.pdf,R19E01937.pdf,R19E03437.pdf,R19E04937.pdf
R19E00438.pdf,R19E01938.pdf,R19E03438.pdf,R19E04938.pdf
R19E00439.pdf,R19E01939.pdf,R19E03439.pdf,R19E04939.pdf
R19E00440.pdf,R19E01940.pdf,R19E03440.pdf,R19E04940.pdf
R19E00441.pdf,R19E01941.pdf,R19E03441.pdf,R19E04941.pdf
R19E00442.pdf,R19E01942.pdf,R19E03442.pdf,R19E04942.pdf
R19E00443.pdf,R19E01943.pdf,R19E03443.pdf,R19E04943.pdf
R19E00444.pdf,R19E01944.pdf,R19E03444.pdf,R19E04944.pdf
R19E00445.pdf,R19E01945.pdf,R19E03445.pdf,R19E04945.pdf
R19E00446.pdf,R19E01946.pdf,R19E03446.pdf,R19E04946.pdf
R19E00447.pdf,R19E01947.pdf,R19E03447.pdf,R19E04947.pdf
R19E00448.pdf,R19E01948.pdf,R19E03448.pdf,R19E04948.pdf
R19E00449.pdf,R19E01949.pdf,R19E03449.pdf,R19E04949.pdf
R19E00450.pdf,R19E01950.pdf,R19E03450.pdf,R19E04950.pdf
R19E00451.pdf,R19E01951.pdf,R19E03451.pdf,R19E04951.pdf
R19E00452.pdf,R19E01952.pdf,R19E03452.pdf,R19E04952.pdf
R19E00453.pdf,R19E01953.pdf,R19E03453.pdf,R19E04953.pdf
R19E00454.pdf,R19E01954.pdf,R19E03454.pdf,R19E04954.pdf
R19E00455.pdf,R19E01955.pdf,R19E03455.pdf,R19E04955.pdf
R19E00456.pdf,R19E01956.pdf,R19E03456.pdf,R19E04956.pdf
R19E00457.pdf,R19E01957.pdf,R19E03457.pdf,R19E04957.pdf
R19E00458.pdf,R19E01958.pdf,R19E03458.pdf,R19E04958.pdf
R19E00459.pdf,R19E01959.pdf,R19E03459.pdf,R19E04959.pdf
R19E00460.pdf,R19E01960.pdf,R19E03460.pdf,R19E04960.pdf
R19E00461.pdf,R19E01961.pdf,R19E03461.pdf,R19E04961.pdf
R19E00462.pdf,R19E01962.pdf,R19E03462.pdf,R19E04962.pdf
R19E00463.pdf,R19E01963.pdf,R19E03463.pdf,R19E04963.pdf
R19E00464.pdf,R19E01964.pdf,R19E03464.pdf,R19E04964.pdf
R19E00465.pdf,R19E01965.pdf,R19E03465.pdf,R19E04965.pdf
R19E00466.pdf,R19E01966.pdf,R19E03466.pdf,R19E04966.pdf
R19E00467.pdf,R19E01967.pdf,R19E03467.pdf,R19E04967.pdf
R19E00468.pdf,R19E01968.pdf,R19E03468.pdf,R19E04968.pdf
R19E00469.pdf,R19E01969.pdf,R19E03469.pdf,R19E04969.pdf
R19E00470.pdf,R19E01970.pdf,R19E03470.pdf,R19E04970.pdf
R19E00471.pdf,R19E01971.pdf,R19E03471.pdf,R19E04971.pdf
R19E00472.pdf,R19E01972.pdf,R19E03472.pdf,R19E04972.pdf
R19E00473.pdf,R19E01973.pdf,R19E03473.pdf,R19E04973.pdf
R19E00474.pdf,R19E01974.pdf,R19E03474.pdf,R19E04974.pdf
R19E00475.pdf,R19E01975.pdf,R19E03475.pdf,R19E04975.pdf
R19E00476.pdf,R19E01976.pdf,R19E03476.pdf,R19E04976.pdf
R19E00477.pdf,R19E01977.pdf,R19E03477.pdf,R19E04977.pdf
R19E00478.pdf,R19E01978.pdf,R19E03478.pdf,R19E04978.pdf
R19E00479.pdf,R19E01979.pdf,R19E03479.pdf,R19E04979.pdf
R19E00480.pdf,R19E01980.pdf,R19E03480.pdf,R19E04980.pdf
R19E00481.pdf,R19E01981.pdf,R19E03481.pdf,R19E04981.pdf
R19E00482.pdf,R19E01982.pdf,R19E03482.pdf,R19E04982.pdf
R19E00483.pdf,R19E01983.pdf,R19E03483.pdf,R19E04983.pdf
R19E00484.pdf,R19E01984.pdf,R19E03484.pdf,R19E04984.pdf
R19E00485.pdf,R19E01985.pdf,R19E03485.pdf,R19E04985.pdf
R19E00486.pdf,R19E01986.pdf,R19E03486.pdf,R19E04986.pdf
R19E00487.pdf,R19E01987.pdf,R19E03487.pdf,R19E04987.pdf
R19E00488.pdf,R19E01988.pdf,R19E03488.pdf,R19E04988.pdf
R19E00489.pdf,R19E01989.pdf,R19E03489.pdf,R19E04989.pdf
R19E00490.pdf,R19E01990.pdf,R19E03490.pdf,R19E04990.pdf
R19E00491.pdf,R19E01991.pdf,R19E03491.pdf,R19E04991.pdf
R19E00492.pdf,R19E01992.pdf,R19E03492.pdf,R19E04992.pdf
R19E00493.pdf,R19E01993.pdf,R19E03493.pdf,R19E04993.pdf
R19E00494.pdf,R19E01994.pdf,R19E03494.pdf,R19E04994.pdf
R19E00495.pdf,R19E01995.pdf,R19E03495.pdf,R19E04995.pdf
R19E00496.pdf,R19E01996.pdf,R19E03496.pdf,R19E04996.pdf
R19E00497.pdf,R19E01997.pdf,R19E03497.pdf,R19E04997.pdf
R19E00498.pdf,R19E01998.pdf,R19E03498.pdf,R19E04998.pdf
R19E00499.pdf,R19E01999.pdf,R19E03499.pdf,R19E04999.pdf
R19E00500.pdf,R19E02000.pdf,R19E03500.pdf,R19E05000.pdf
R19E00501.pdf,R19E02001.pdf,R19E03501.pdf,R19E05001.pdf
R19E00502.pdf,R19E02002.pdf,R19E03502.pdf,R19E05002.pdf
R19E00503.pdf,R19E02003.pdf,R19E03503.pdf,R19E05003.pdf
R19E00504.pdf,R19E02004.pdf,R19E03504.pdf,R19E05004.pdf
R19E00505.pdf,R19E02005.pdf,R19E03505.pdf,R19E05005.pdf
R19E00506.pdf,R19E02006.pdf,R19E03506.pdf,R19E05006.pdf
R19E00507.pdf,R19E02007.pdf,R19E03507.pdf,R19E05007.pdf
R19E00508.pdf,R19E02008.pdf,R19E03508.pdf,R19E05008.pdf
R19E00509.pdf,R19E02009.pdf,R19E03509.pdf,R19E05009.pdf
R19E00510.pdf,R19E02010.pdf,R19E03510.pdf,R19E05010.pdf
R19E00511.pdf,R19E02011.pdf,R19E03511.pdf,R19E05011.pdf
R19E00512.pdf,R19E02012.pdf,R19E03512.pdf,R19E05012.pdf
R19E00513.pdf,R19E02013.pdf,R19E03513.pdf,R19E05013.pdf
R19E00514.pdf,R19E02014.pdf,R19E03514.pdf,R19E05014.pdf
R19E00515.pdf,R19E02015.pdf,R19E03515.pdf,R19E05015.pdf
R19E00516.pdf,R19E02016.pdf,R19E03516.pdf,R19E05016.pdf
R19E00517.pdf,R19E02017.pdf,R19E03517.pdf,R19E05017.pdf
R19E00518.pdf,R19E02018.pdf,R19E03518.pdf,R19E05018.pdf
R19E00519.pdf,R19E02019.pdf,R19E03519.pdf,R19E05019.pdf
R19E00520.pdf,R19E02020.pdf,R19E03520.pdf,R19E05020.pdf
R19E00521.pdf,R19E02021.pdf,R19E03521.pdf,R19E05021.pdf
R19E00522.pdf,R19E02022.pdf,R19E03522.pdf,R19E05022.pdf
R19E00523.pdf,R19E02023.pdf,R19E03523.pdf,R19E05023.pdf
R19E00524.pdf,R19E02024.pdf,R19E03524.pdf,R19E05024.pdf
R19E00525.pdf,R19E02025.pdf,R19E03525.pdf,R19E05025.pdf
R19E00526.pdf,R19E02026.pdf,R19E03526.pdf,R19E05026.pdf
R19E00527.pdf,R19E02027.pdf,R19E03527.pdf,R19E05027.pdf
R19E00528.pdf,R19E02028.pdf,R19E03528.pdf,R19E05028.pdf
R19E00529.pdf,R19E02029.pdf,R19E03529.pdf,R19E05029.pdf
R19E00530.pdf,R19E02030.pdf,R19E03530.pdf,R19E05030.pdf
R19E00531.pdf,R19E02031.pdf,R19E03531.pdf,R19E05031.pdf
R19E00532.pdf,R19E02032.pdf,R19E03532.pdf,R19E05032.pdf
R19E00533.pdf,R19E02033.pdf,R19E03533.pdf,R19E05033.pdf
R19E00534.pdf,R19E02034.pdf,R19E03534.pdf,R19E05034.pdf
R19E00535.pdf,R19E02035.pdf,R19E03535.pdf,R19E05035.pdf
R19E00536.pdf,R19E02036.pdf,R19E03536.pdf,R19E05036.pdf
R19E00537.pdf,R19E02037.pdf,R19E03537.pdf,R19E05037.pdf
R19E00538.pdf,R19E02038.pdf,R19E03538.pdf,R19E05038.pdf
R19E00539.pdf,R19E02039.pdf,R19E03539.pdf,R19E05039.pdf
R19E00540.pdf,R19E02040.pdf,R19E03540.pdf,R19E05040.pdf
R19E00541.pdf,R19E02041.pdf,R19E03541.pdf,R19E05041.pdf
R19E00542.pdf,R19E02042.pdf,R19E03542.pdf,R19E05042.pdf
R19E00543.pdf,R19E02043.pdf,R19E03543.pdf,R19E05043.pdf
R19E00544.pdf,R19E02044.pdf,R19E03544.pdf,R19E05044.pdf
R19E00545.pdf,R19E02045.pdf,R19E03545.pdf,R19E05045.pdf
R19E00546.pdf,R19E02046.pdf,R19E03546.pdf,R19E05046.pdf
R19E00547.pdf,R19E02047.pdf,R19E03547.pdf,R19E05047.pdf
R19E00548.pdf,R19E02048.pdf,R19E03548.pdf,R19E05048.pdf
R19E00549.pdf,R19E02049.pdf,R19E03549.pdf,R19E05049.pdf
R19E00550.pdf,R19E02050.pdf,R19E03550.pdf,R19E05050.pdf
R19E00551.pdf,R19E02051.pdf,R19E03551.pdf,R19E05051.pdf
R19E00552.pdf,R19E02052.pdf,R19E03552.pdf,R19E05052.pdf
R19E00553.pdf,R19E02053.pdf,R19E03553.pdf,R19E05053.pdf
R19E00554.pdf,R19E02054.pdf,R19E03554.pdf,R19E05054.pdf
R19E00555.pdf,R19E02055.pdf,R19E03555.pdf,R19E05055.pdf
R19E00556.pdf,R19E02056.pdf,R19E03556.pdf,R19E05056.pdf
R19E00557.pdf,R19E02057.pdf,R19E03557.pdf,R19E05057.pdf
R19E00558.pdf,R19E02058.pdf,R19E03558.pdf,R19E05058.pdf
R19E00559.pdf,R19E02059.pdf,R19E03559.pdf,R19E05059.pdf
R19E00560.pdf,R19E02060.pdf,R19E03560.pdf,R19E05060.pdf
R19E00561.pdf,R19E02061.pdf,R19E03561.pdf,R19E05061.pdf
R19E00562.pdf,R19E02062.pdf,R19E03562.pdf,R19E05062.pdf
R19E00563.pdf,R19E02063.pdf,R19E03563.pdf,R19E05063.pdf
R19E00564.pdf,R19E02064.pdf,R19E03564.pdf,R19E05064.pdf
R19E00565.pdf,R19E02065.pdf,R19E03565.pdf,R19E05065.pdf
R19E00566.pdf,R19E02066.pdf,R19E03566.pdf,R19E05066.pdf
R19E00567.pdf,R19E02067.pdf,R19E03567.pdf,R19E05067.pdf
R19E00568.pdf,R19E02068.pdf,R19E03568.pdf,R19E05068.pdf
R19E00569.pdf,R19E02069.pdf,R19E03569.pdf,R19E05069.pdf
R19E00570.pdf,R19E02070.pdf,R19E03570.pdf,R19E05070.pdf
R19E00571.pdf,R19E02071.pdf,R19E03571.pdf,R19E05071.pdf
R19E00572.pdf,R19E02072.pdf,R19E03572.pdf,R19E05072.pdf
R19E00573.pdf,R19E02073.pdf,R19E03573.pdf,R19E05073.pdf
R19E00574.pdf,R19E02074.pdf,R19E03574.pdf,R19E05074.pdf
R19E00575.pdf,R19E02075.pdf,R19E03575.pdf,R19E05075.pdf
R19E00576.pdf,R19E02076.pdf,R19E03576.pdf,R19E05076.pdf
R19E00577.pdf,R19E02077.pdf,R19E03577.pdf,R19E05077.pdf
R19E00578.pdf,R19E02078.pdf,R19E03578.pdf,R19E05078.pdf
R19E00579.pdf,R19E02079.pdf,R19E03579.pdf,R19E05079.pdf
R19E00580.pdf,R19E02080.pdf,R19E03580.pdf,R19E05080.pdf
R19E00581.pdf,R19E02081.pdf,R19E03581.pdf,R19E05081.pdf
R19E00582.pdf,R19E02082.pdf,R19E03582.pdf,R19E05082.pdf
R19E00583.pdf,R19E02083.pdf,R19E03583.pdf,R19E05083.pdf
R19E00584.pdf,R19E02084.pdf,R19E03584.pdf,R19E05084.pdf
R19E00585.pdf,R19E02085.pdf,R19E03585.pdf,R19E05085.pdf
R19E00586.pdf,R19E02086.pdf,R19E03586.pdf,R19E05086.pdf
R19E00587.pdf,R19E02087.pdf,R19E03587.pdf,R19E05087.pdf
R19E00588.pdf,R19E02088.pdf,R19E03588.pdf,R19E05088.pdf
R19E00589.pdf,R19E02089.pdf,R19E03589.pdf,R19E05089.pdf
R19E00590.pdf,R19E02090.pdf,R19E03590.pdf,R19E05090.pdf
R19E00591.pdf,R19E02091.pdf,R19E03591.pdf,R19E05091.pdf
R19E00592.pdf,R19E02092.pdf,R19E03592.pdf,R19E05092.pdf
R19E00593.pdf,R19E02093.pdf,R19E03593.pdf,R19E05093.pdf
R19E00594.pdf,R19E02094.pdf,R19E03594.pdf,R19E05094.pdf
R19E00595.pdf,R19E02095.pdf,R19E03595.pdf,R19E05095.pdf
R19E00596.pdf,R19E02096.pdf,R19E03596.pdf,R19E05096.pdf
R19E00597.pdf,R19E02097.pdf,R19E03597.pdf,R19E05097.pdf
R19E00598.pdf,R19E02098.pdf,R19E03598.pdf,R19E05098.pdf
R19E00599.pdf,R19E02099.pdf,R19E03599.pdf,R19E05099.pdf
R19E00600.pdf,R19E02100.pdf,R19E03600.pdf,R19E05100.pdf
R19E00601.pdf,R19E02101.pdf,R19E03601.pdf,R19E05101.pdf
R19E00602.pdf,R19E02102.pdf,R19E03602.pdf,R19E05102.pdf
R19E00603.pdf,R19E02103.pdf,R19E03603.pdf,R19E05103.pdf
R19E00604.pdf,R19E02104.pdf,R19E03604.pdf,R19E05104.pdf
R19E00605.pdf,R19E02105.pdf,R19E03605.pdf,R19E05105.pdf
R19E00606.pdf,R19E02106.pdf,R19E03606.pdf,R19E05106.pdf
R19E00607.pdf,R19E02107.pdf,R19E03607.pdf,R19E05107.pdf
R19E00608.pdf,R19E02108.pdf,R19E03608.pdf,R19E05108.pdf
R19E00609.pdf,R19E02109.pdf,R19E03609.pdf,R19E05109.pdf
R19E00610.pdf,R19E02110.pdf,R19E03610.pdf,R19E05110.pdf
R19E00611.pdf,R19E02111.pdf,R19E03611.pdf,R19E05111.pdf
R19E00612.pdf,R19E02112.pdf,R19E03612.pdf,R19E05112.pdf
R19E00613.pdf,R19E02113.pdf,R19E03613.pdf,R19E05113.pdf
R19E00614.pdf,R19E02114.pdf,R19E03614.pdf,R19E05114.pdf
R19E00615.pdf,R19E02115.pdf,R19E03615.pdf,R19E05115.pdf
R19E00616.pdf,R19E02116.pdf,R19E03616.pdf,R19E05116.pdf
R19E00617.pdf,R19E02117.pdf,R19E03617.pdf,R19E05117.pdf
R19E00618.pdf,R19E02118.pdf,R19E03618.pdf,R19E05118.pdf
R19E00619.pdf,R19E02119.pdf,R19E03619.pdf,R19E05119.pdf
R19E00620.pdf,R19E02120.pdf,R19E03620.pdf,R19E05120.pdf
R19E00621.pdf,R19E02121.pdf,R19E03621.pdf,R19E05121.pdf
R19E00622.pdf,R19E02122.pdf,R19E03622.pdf,R19E05122.pdf
R19E00623.pdf,R19E02123.pdf,R19E03623.pdf,R19E05123.pdf
R19E00624.pdf,R19E02124.pdf,R19E03624.pdf,R19E05124.pdf
R19E00625.pdf,R19E02125.pdf,R19E03625.pdf,R19E05125.pdf
R19E00626.pdf,R19E02126.pdf,R19E03626.pdf,R19E05126.pdf
R19E00627.pdf,R19E02127.pdf,R19E03627.pdf,R19E05127.pdf
R19E00628.pdf,R19E02128.pdf,R19E03628.pdf,R19E05128.pdf
R19E00629.pdf,R19E02129.pdf,R19E03629.pdf,R19E05129.pdf
R19E00630.pdf,R19E02130.pdf,R19E03630.pdf,R19E05130.pdf
R19E00631.pdf,R19E02131.pdf,R19E03631.pdf,R19E05131.pdf
R19E00632.pdf,R19E02132.pdf,R19E03632.pdf,R19E05132.pdf
R19E00633.pdf,R19E02133.pdf,R19E03633.pdf,R19E05133.pdf
R19E00634.pdf,R19E02134.pdf,R19E03634.pdf,R19E05134.pdf
R19E00635.pdf,R19E02135.pdf,R19E03635.pdf,R19E05135.pdf
R19E00636.pdf,R19E02136.pdf,R19E03636.pdf,R19E05136.pdf
R19E00637.pdf,R19E02137.pdf,R19E03637.pdf,R19E05137.pdf
R19E00638.pdf,R19E02138.pdf,R19E03638.pdf,R19E05138.pdf
R19E00639.pdf,R19E02139.pdf,R19E03639.pdf,R19E05139.pdf
R19E00640.pdf,R19E02140.pdf,R19E03640.pdf,R19E05140.pdf
R19E00641.pdf,R19E02141.pdf,R19E03641.pdf,R19E05141.pdf
R19E00642.pdf,R19E02142.pdf,R19E03642.pdf,R19E05142.pdf
R19E00643.pdf,R19E02143.pdf,R19E03643.pdf,R19E05143.pdf
R19E00644.pdf,R19E02144.pdf,R19E03644.pdf,R19E05144.pdf
R19E00645.pdf,R19E02145.pdf,R19E03645.pdf,R19E05145.pdf
R19E00646.pdf,R19E02146.pdf,R19E03646.pdf,R19E05146.pdf
R19E00647.pdf,R19E02147.pdf,R19E03647.pdf,R19E05147.pdf
R19E00648.pdf,R19E02148.pdf,R19E03648.pdf,R19E05148.pdf
R19E00649.pdf,R19E02149.pdf,R19E03649.pdf,R19E05149.pdf
R19E00650.pdf,R19E02150.pdf,R19E03650.pdf,R19E05150.pdf
R19E00651.pdf,R19E02151.pdf,R19E03651.pdf,R19E05151.pdf
R19E00652.pdf,R19E02152.pdf,R19E03652.pdf,R19E05152.pdf
R19E00653.pdf,R19E02153.pdf,R19E03653.pdf,R19E05153.pdf
R19E00654.pdf,R19E02154.pdf,R19E03654.pdf,R19E05154.pdf
R19E00655.pdf,R19E02155.pdf,R19E03655.pdf,R19E05155.pdf
R19E00656.pdf,R19E02156.pdf,R19E03656.pdf,R19E05156.pdf
R19E00657.pdf,R19E02157.pdf,R19E03657.pdf,R19E05157.pdf
R19E00658.pdf,R19E02158.pdf,R19E03658.pdf,R19E05158.pdf
R19E00659.pdf,R19E02159.pdf,R19E03659.pdf,R19E05159.pdf
R19E00660.pdf,R19E02160.pdf,R19E03660.pdf,R19E05160.pdf
R19E00661.pdf,R19E02161.pdf,R19E03661.pdf,R19E05161.pdf
R19E00662.pdf,R19E02162.pdf,R19E03662.pdf,R19E05162.pdf
R19E00663.pdf,R19E02163.pdf,R19E03663.pdf,R19E05163.pdf
R19E00664.pdf,R19E02164.pdf,R19E03664.pdf,R19E05164.pdf
R19E00665.pdf,R19E02165.pdf,R19E03665.pdf,R19E05165.pdf
R19E00666.pdf,R19E02166.pdf,R19E03666.pdf,R19E05166.pdf
R19E00667.pdf,R19E02167.pdf,R19E03667.pdf,R19E05167.pdf
R19E00668.pdf,R19E02168.pdf,R19E03668.pdf,R19E05168.pdf
R19E00669.pdf,R19E02169.pdf,R19E03669.pdf,R19E05169.pdf
R19E00670.pdf,R19E02170.pdf,R19E03670.pdf,R19E05170.pdf
R19E00671.pdf,R19E02171.pdf,R19E03671.pdf,R19E05171.pdf
R19E00672.pdf,R19E02172.pdf,R19E03672.pdf,R19E05172.pdf
R19E00673.pdf,R19E02173.pdf,R19E03673.pdf,R19E05173.pdf
R19E00674.pdf,R19E02174.pdf,R19E03674.pdf,R19E05174.pdf
R19E00675.pdf,R19E02175.pdf,R19E03675.pdf,R19E05175.pdf
R19E00676.pdf,R19E02176.pdf,R19E03676.pdf,R19E05176.pdf
R19E00677.pdf,R19E02177.pdf,R19E03677.pdf,R19E05177.pdf
R19E00678.pdf,R19E02178.pdf,R19E03678.pdf,R19E05178.pdf
R19E00679.pdf,R19E02179.pdf,R19E03679.pdf,R19E05179.pdf
R19E00680.pdf,R19E02180.pdf,R19E03680.pdf,R19E05180.pdf
R19E00681.pdf,R19E02181.pdf,R19E03681.pdf,R19E05181.pdf
R19E00682.pdf,R19E02182.pdf,R19E03682.pdf,R19E05182.pdf
R19E00683.pdf,R19E02183.pdf,R19E03683.pdf,R19E05183.pdf
R19E00684.pdf,R19E02184.pdf,R19E03684.pdf,R19E05184.pdf
R19E00685.pdf,R19E02185.pdf,R19E03685.pdf,R19E05185.pdf
R19E00686.pdf,R19E02186.pdf,R19E03686.pdf,R19E05186.pdf
R19E00687.pdf,R19E02187.pdf,R19E03687.pdf,R19E05187.pdf
R19E00688.pdf,R19E02188.pdf,R19E03688.pdf,R19E05188.pdf
R19E00689.pdf,R19E02189.pdf,R19E03689.pdf,R19E05189.pdf
R19E00690.pdf,R19E02190.pdf,R19E03690.pdf,R19E05190.pdf
R19E00691.pdf,R19E02191.pdf,R19E03691.pdf,R19E05191.pdf
R19E00692.pdf,R19E02192.pdf,R19E03692.pdf,R19E05192.pdf
R19E00693.pdf,R19E02193.pdf,R19E03693.pdf,R19E05193.pdf
R19E00694.pdf,R19E02194.pdf,R19E03694.pdf,R19E05194.pdf
R19E00695.pdf,R19E02195.pdf,R19E03695.pdf,R19E05195.pdf
R19E00696.pdf,R19E02196.pdf,R19E03696.pdf,R19E05196.pdf
R19E00697.pdf,R19E02197.pdf,R19E03697.pdf,R19E05197.pdf
R19E00698.pdf,R19E02198.pdf,R19E03698.pdf,R19E05198.pdf
R19E00699.pdf,R19E02199.pdf,R19E03699.pdf,R19E05199.pdf
R19E00700.pdf,R19E02200.pdf,R19E03700.pdf,R19E05200.pdf
R19E00701.pdf,R19E02201.pdf,R19E03701.pdf,R19E05201.pdf
R19E00702.pdf,R19E02202.pdf,R19E03702.pdf,R19E05202.pdf
R19E00703.pdf,R19E02203.pdf,R19E03703.pdf,R19E05203.pdf
R19E00704.pdf,R19E02204.pdf,R19E03704.pdf,R19E05204.pdf
R19E00705.pdf,R19E02205.pdf,R19E03705.pdf,R19E05205.pdf
R19E00706.pdf,R19E02206.pdf,R19E03706.pdf,R19E05206.pdf
R19E00707.pdf,R19E02207.pdf,R19E03707.pdf,R19E05207.pdf
R19E00708.pdf,R19E02208.pdf,R19E03708.pdf,R19E05208.pdf
R19E00709.pdf,R19E02209.pdf,R19E03709.pdf,R19E05209.pdf
R19E00710.pdf,R19E02210.pdf,R19E03710.pdf,R19E05210.pdf
R19E00711.pdf,R19E02211.pdf,R19E03711.pdf,R19E05211.pdf
R19E00712.pdf,R19E02212.pdf,R19E03712.pdf,R19E05212.pdf
R19E00713.pdf,R19E02213.pdf,R19E03713.pdf,R19E05213.pdf
R19E00714.pdf,R19E02214.pdf,R19E03714.pdf,R19E05214.pdf
R19E00715.pdf,R19E02215.pdf,R19E03715.pdf,R19E05215.pdf
R19E00716.pdf,R19E02216.pdf,R19E03716.pdf,R19E05216.pdf
R19E00717.pdf,R19E02217.pdf,R19E03717.pdf,R19E05217.pdf
R19E00718.pdf,R19E02218.pdf,R19E03718.pdf,R19E05218.pdf
R19E00719.pdf,R19E02219.pdf,R19E03719.pdf,R19E05219.pdf
R19E00720.pdf,R19E02220.pdf,R19E03720.pdf,R19E05220.pdf
R19E00721.pdf,R19E02221.pdf,R19E03721.pdf,R19E05221.pdf
R19E00722.pdf,R19E02222.pdf,R19E03722.pdf,R19E05222.pdf
R19E00723.pdf,R19E02223.pdf,R19E03723.pdf,R19E05223.pdf
R19E00724.pdf,R19E02224.pdf,R19E03724.pdf,R19E05224.pdf
R19E00725.pdf,R19E02225.pdf,R19E03725.pdf,R19E05225.pdf
R19E00726.pdf,R19E02226.pdf,R19E03726.pdf,R19E05226.pdf
R19E00727.pdf,R19E02227.pdf,R19E03727.pdf,R19E05227.pdf
R19E00728.pdf,R19E02228.pdf,R19E03728.pdf,R19E05228.pdf
R19E00729.pdf,R19E02229.pdf,R19E03729.pdf,R19E05229.pdf
R19E00730.pdf,R19E02230.pdf,R19E03730.pdf,R19E05230.pdf
R19E00731.pdf,R19E02231.pdf,R19E03731.pdf,R19E05231.pdf
R19E00732.pdf,R19E02232.pdf,R19E03732.pdf,R19E05232.pdf
R19E00733.pdf,R19E02233.pdf,R19E03733.pdf,R19E05233.pdf
R19E00734.pdf,R19E02234.pdf,R19E03734.pdf,R19E05234.pdf
R19E00735.pdf,R19E02235.pdf,R19E03735.pdf,R19E05235.pdf
R19E00736.pdf,R19E02236.pdf,R19E03736.pdf,R19E05236.pdf
R19E00737.pdf,R19E02237.pdf,R19E03737.pdf,R19E05237.pdf
R19E00738.pdf,R19E02238.pdf,R19E03738.pdf,R19E05238.pdf
R19E00739.pdf,R19E02239.pdf,R19E03739.pdf,R19E05239.pdf
R19E00740.pdf,R19E02240.pdf,R19E03740.pdf,R19E05240.pdf
R19E00741.pdf,R19E02241.pdf,R19E03741.pdf,R19E05241.pdf
R19E00742.pdf,R19E02242.pdf,R19E03742.pdf,R19E05242.pdf
R19E00743.pdf,R19E02243.pdf,R19E03743.pdf,R19E05243.pdf
R19E00744.pdf,R19E02244.pdf,R19E03744.pdf,R19E05244.pdf
R19E00745.pdf,R19E02245.pdf,R19E03745.pdf,R19E05245.pdf
R19E00746.pdf,R19E02246.pdf,R19E03746.pdf,R19E05246.pdf
R19E00747.pdf,R19E02247.pdf,R19E03747.pdf,R19E05247.pdf
R19E00748.pdf,R19E02248.pdf,R19E03748.pdf,R19E05248.pdf
R19E00749.pdf,R19E02249.pdf,R19E03749.pdf,R19E05249.pdf
R19E00750.pdf,R19E02250.pdf,R19E03750.pdf,R19E05250.pdf
R19E00751.pdf,R19E02251.pdf,R19E03751.pdf,R19E05251.pdf
R19E00752.pdf,R19E02252.pdf,R19E03752.pdf,R19E05252.pdf
R19E00753.pdf,R19E02253.pdf,R19E03753.pdf,R19E05253.pdf
R19E00754.pdf,R19E02254.pdf,R19E03754.pdf,R19E05254.pdf
R19E00755.pdf,R19E02255.pdf,R19E03755.pdf,R19E05255.pdf
R19E00756.pdf,R19E02256.pdf,R19E03756.pdf,R19E05256.pdf
R19E00757.pdf,R19E02257.pdf,R19E03757.pdf,R19E05257.pdf
R19E00758.pdf,R19E02258.pdf,R19E03758.pdf,R19E05258.pdf
R19E00759.pdf,R19E02259.pdf,R19E03759.pdf,R19E05259.pdf
R19E00760.pdf,R19E02260.pdf,R19E03760.pdf,R19E05260.pdf
R19E00761.pdf,R19E02261.pdf,R19E03761.pdf,R19E05261.pdf
R19E00762.pdf,R19E02262.pdf,R19E03762.pdf,R19E05262.pdf
R19E00763.pdf,R19E02263.pdf,R19E03763.pdf,R19E05263.pdf
R19E00764.pdf,R19E02264.pdf,R19E03764.pdf,R19E05264.pdf
R19E00765.pdf,R19E02265.pdf,R19E03765.pdf,R19E05265.pdf
R19E00766.pdf,R19E02266.pdf,R19E03766.pdf,R19E05266.pdf
R19E00767.pdf,R19E02267.pdf,R19E03767.pdf,R19E05267.pdf
R19E00768.pdf,R19E02268.pdf,R19E03768.pdf,R19E05268.pdf
R19E00769.pdf,R19E02269.pdf,R19E03769.pdf,R19E05269.pdf
R19E00770.pdf,R19E02270.pdf,R19E03770.pdf,R19E05270.pdf
R19E00771.pdf,R19E02271.pdf,R19E03771.pdf,R19E05271.pdf
R19E00772.pdf,R19E02272.pdf,R19E03772.pdf,R19E05272.pdf
R19E00773.pdf,R19E02273.pdf,R19E03773.pdf,R19E05273.pdf
R19E00774.pdf,R19E02274.pdf,R19E03774.pdf,R19E05274.pdf
R19E00775.pdf,R19E02275.pdf,R19E03775.pdf,R19E05275.pdf
R19E00776.pdf,R19E02276.pdf,R19E03776.pdf,R19E05276.pdf
R19E00777.pdf,R19E02277.pdf,R19E03777.pdf,R19E05277.pdf
R19E00778.pdf,R19E02278.pdf,R19E03778.pdf,R19E05278.pdf
R19E00779.pdf,R19E02279.pdf,R19E03779.pdf,R19E05279.pdf
R19E00780.pdf,R19E02280.pdf,R19E03780.pdf,R19E05280.pdf
R19E00781.pdf,R19E02281.pdf,R19E03781.pdf,R19E05281.pdf
R19E00782.pdf,R19E02282.pdf,R19E03782.pdf,R19E05282.pdf
R19E00783.pdf,R19E02283.pdf,R19E03783.pdf,R19E05283.pdf
R19E00784.pdf,R19E02284.pdf,R19E03784.pdf,R19E05284.pdf
R19E00785.pdf,R19E02285.pdf,R19E03785.pdf,R19E05285.pdf
R19E00786.pdf,R19E02286.pdf,R19E03786.pdf,R19E05286.pdf
R19E00787.pdf,R19E02287.pdf,R19E03787.pdf,R19E05287.pdf
R19E00788.pdf,R19E02288.pdf,R19E03788.pdf,R19E05288.pdf
R19E00789.pdf,R19E02289.pdf,R19E03789.pdf,R19E05289.pdf
R19E00790.pdf,R19E02290.pdf,R19E03790.pdf,R19E05290.pdf
R19E00791.pdf,R19E02291.pdf,R19E03791.pdf,R19E05291.pdf
R19E00792.pdf,R19E02292.pdf,R19E03792.pdf,R19E05292.pdf
R19E00793.pdf,R19E02293.pdf,R19E03793.pdf,R19E05293.pdf
R19E00794.pdf,R19E02294.pdf,R19E03794.pdf,R19E05294.pdf
R19E00795.pdf,R19E02295.pdf,R19E03795.pdf,R19E05295.pdf
R19E00796.pdf,R19E02296.pdf,R19E03796.pdf,R19E05296.pdf
R19E00797.pdf,R19E02297.pdf,R19E03797.pdf,R19E05297.pdf
R19E00798.pdf,R19E02298.pdf,R19E03798.pdf,R19E05298.pdf
R19E00799.pdf,R19E02299.pdf,R19E03799.pdf,R19E05299.pdf
R19E00800.pdf,R19E02300.pdf,R19E03800.pdf,R19E05300.pdf
R19E00801.pdf,R19E02301.pdf,R19E03801.pdf,R19E05301.pdf
R19E00802.pdf,R19E02302.pdf,R19E03802.pdf,R19E05302.pdf
R19E00803.pdf,R19E02303.pdf,R19E03803.pdf,R19E05303.pdf
R19E00804.pdf,R19E02304.pdf,R19E03804.pdf,R19E05304.pdf
R19E00805.pdf,R19E02305.pdf,R19E03805.pdf,R19E05305.pdf
R19E00806.pdf,R19E02306.pdf,R19E03806.pdf,R19E05306.pdf
R19E00807.pdf,R19E02307.pdf,R19E03807.pdf,R19E05307.pdf
R19E00808.pdf,R19E02308.pdf,R19E03808.pdf,R19E05308.pdf
R19E00809.pdf,R19E02309.pdf,R19E03809.pdf,R19E05309.pdf
R19E00810.pdf,R19E02310.pdf,R19E03810.pdf,R19E05310.pdf
R19E00811.pdf,R19E02311.pdf,R19E03811.pdf,R19E05311.pdf
R19E00812.pdf,R19E02312.pdf,R19E03812.pdf,R19E05312.pdf
R19E00813.pdf,R19E02313.pdf,R19E03813.pdf,R19E05313.pdf
R19E00814.pdf,R19E02314.pdf,R19E03814.pdf,R19E05314.pdf
R19E00815.pdf,R19E02315.pdf,R19E03815.pdf,R19E05315.pdf
R19E00816.pdf,R19E02316.pdf,R19E03816.pdf,R19E05316.pdf
R19E00817.pdf,R19E02317.pdf,R19E03817.pdf,R19E05317.pdf
R19E00818.pdf,R19E02318.pdf,R19E03818.pdf,R19E05318.pdf
R19E00819.pdf,R19E02319.pdf,R19E03819.pdf,R19E05319.pdf
R19E00820.pdf,R19E02320.pdf,R19E03820.pdf,R19E05320.pdf
R19E00821.pdf,R19E02321.pdf,R19E03821.pdf,R19E05321.pdf
R19E00822.pdf,R19E02322.pdf,R19E03822.pdf,R19E05322.pdf
R19E00823.pdf,R19E02323.pdf,R19E03823.pdf,R19E05323.pdf
R19E00824.pdf,R19E02324.pdf,R19E03824.pdf,R19E05324.pdf
R19E00825.pdf,R19E02325.pdf,R19E03825.pdf,R19E05325.pdf
R19E00826.pdf,R19E02326.pdf,R19E03826.pdf,R19E05326.pdf
R19E00827.pdf,R19E02327.pdf,R19E03827.pdf,R19E05327.pdf
R19E00828.pdf,R19E02328.pdf,R19E03828.pdf,R19E05328.pdf
R19E00829.pdf,R19E02329.pdf,R19E03829.pdf,R19E05329.pdf
R19E00830.pdf,R19E02330.pdf,R19E03830.pdf,R19E05330.pdf
R19E00831.pdf,R19E02331.pdf,R19E03831.pdf,R19E05331.pdf
R19E00832.pdf,R19E02332.pdf,R19E03832.pdf,R19E05332.pdf
R19E00833.pdf,R19E02333.pdf,R19E03833.pdf,R19E05333.pdf
R19E00834.pdf,R19E02334.pdf,R19E03834.pdf,R19E05334.pdf
R19E00835.pdf,R19E02335.pdf,R19E03835.pdf,R19E05335.pdf
R19E00836.pdf,R19E02336.pdf,R19E03836.pdf,R19E05336.pdf
R19E00837.pdf,R19E02337.pdf,R19E03837.pdf,R19E05337.pdf
R19E00838.pdf,R19E02338.pdf,R19E03838.pdf,R19E05338.pdf
R19E00839.pdf,R19E02339.pdf,R19E03839.pdf,R19E05339.pdf
R19E00840.pdf,R19E02340.pdf,R19E03840.pdf,R19E05340.pdf
R19E00841.pdf,R19E02341.pdf,R19E03841.pdf,R19E05341.pdf
R19E00842.pdf,R19E02342.pdf,R19E03842.pdf,R19E05342.pdf
R19E00843.pdf,R19E02343.pdf,R19E03843.pdf,R19E05343.pdf
R19E00844.pdf,R19E02344.pdf,R19E03844.pdf,R19E05344.pdf
R19E00845.pdf,R19E02345.pdf,R19E03845.pdf,R19E05345.pdf
R19E00846.pdf,R19E02346.pdf,R19E03846.pdf,R19E05346.pdf
R19E00847.pdf,R19E02347.pdf,R19E03847.pdf,R19E05347.pdf
R19E00848.pdf,R19E02348.pdf,R19E03848.pdf,R19E05348.pdf
R19E00849.pdf,R19E02349.pdf,R19E03849.pdf,R19E05349.pdf
R19E00850.pdf,R19E02350.pdf,R19E03850.pdf,R19E05350.pdf
R19E00851.pdf,R19E02351.pdf,R19E03851.pdf,R19E05351.pdf
R19E00852.pdf,R19E02352.pdf,R19E03852.pdf,R19E05352.pdf
R19E00853.pdf,R19E02353.pdf,R19E03853.pdf,R19E05353.pdf
R19E00854.pdf,R19E02354.pdf,R19E03854.pdf,R19E05354.pdf
R19E00855.pdf,R19E02355.pdf,R19E03855.pdf,R19E05355.pdf
R19E00856.pdf,R19E02356.pdf,R19E03856.pdf,R19E05356.pdf
R19E00857.pdf,R19E02357.pdf,R19E03857.pdf,R19E05357.pdf
R19E00858.pdf,R19E02358.pdf,R19E03858.pdf,R19E05358.pdf
R19E00859.pdf,R19E02359.pdf,R19E03859.pdf,R19E05359.pdf
R19E00860.pdf,R19E02360.pdf,R19E03860.pdf,R19E05360.pdf
R19E00861.pdf,R19E02361.pdf,R19E03861.pdf,R19E05361.pdf
R19E00862.pdf,R19E02362.pdf,R19E03862.pdf,R19E05362.pdf
R19E00863.pdf,R19E02363.pdf,R19E03863.pdf,R19E05363.pdf
R19E00864.pdf,R19E02364.pdf,R19E03864.pdf,R19E05364.pdf
R19E00865.pdf,R19E02365.pdf,R19E03865.pdf,R19E05365.pdf
R19E00866.pdf,R19E02366.pdf,R19E03866.pdf,R19E05366.pdf
R19E00867.pdf,R19E02367.pdf,R19E03867.pdf,R19E05367.pdf
R19E00868.pdf,R19E02368.pdf,R19E03868.pdf,R19E05368.pdf
R19E00869.pdf,R19E02369.pdf,R19E03869.pdf,R19E05369.pdf
R19E00870.pdf,R19E02370.pdf,R19E03870.pdf,R19E05370.pdf
R19E00871.pdf,R19E02371.pdf,R19E03871.pdf,R19E05371.pdf
R19E00872.pdf,R19E02372.pdf,R19E03872.pdf,R19E05372.pdf
R19E00873.pdf,R19E02373.pdf,R19E03873.pdf,R19E05373.pdf
R19E00874.pdf,R19E02374.pdf,R19E03874.pdf,R19E05374.pdf
R19E00875.pdf,R19E02375.pdf,R19E03875.pdf,R19E05375.pdf
R19E00876.pdf,R19E02376.pdf,R19E03876.pdf,R19E05376.pdf
R19E00877.pdf,R19E02377.pdf,R19E03877.pdf,R19E05377.pdf
R19E00878.pdf,R19E02378.pdf,R19E03878.pdf,R19E05378.pdf
R19E00879.pdf,R19E02379.pdf,R19E03879.pdf,R19E05379.pdf
R19E00880.pdf,R19E02380.pdf,R19E03880.pdf,R19E05380.pdf
R19E00881.pdf,R19E02381.pdf,R19E03881.pdf,R19E05381.pdf
R19E00882.pdf,R19E02382.pdf,R19E03882.pdf,R19E05382.pdf
R19E00883.pdf,R19E02383.pdf,R19E03883.pdf,R19E05383.pdf
R19E00884.pdf,R19E02384.pdf,R19E03884.pdf,R19E05384.pdf
R19E00885.pdf,R19E02385.pdf,R19E03885.pdf,R19E05385.pdf
R19E00886.pdf,R19E02386.pdf,R19E03886.pdf,R19E05386.pdf
R19E00887.pdf,R19E02387.pdf,R19E03887.pdf,R19E05387.pdf
R19E00888.pdf,R19E02388.pdf,R19E03888.pdf,R19E05388.pdf
R19E00889.pdf,R19E02389.pdf,R19E03889.pdf,R19E05389.pdf
R19E00890.pdf,R19E02390.pdf,R19E03890.pdf,R19E05390.pdf
R19E00891.pdf,R19E02391.pdf,R19E03891.pdf,R19E05391.pdf
R19E00892.pdf,R19E02392.pdf,R19E03892.pdf,R19E05392.pdf
R19E00893.pdf,R19E02393.pdf,R19E03893.pdf,R19E05393.pdf
R19E00894.pdf,R19E02394.pdf,R19E03894.pdf,R19E05394.pdf
R19E00895.pdf,R19E02395.pdf,R19E03895.pdf,R19E05395.pdf
R19E00896.pdf,R19E02396.pdf,R19E03896.pdf,R19E05396.pdf
R19E00897.pdf,R19E02397.pdf,R19E03897.pdf,R19E05397.pdf
R19E00898.pdf,R19E02398.pdf,R19E03898.pdf,R19E05398.pdf
R19E00899.pdf,R19E02399.pdf,R19E03899.pdf,R19E05399.pdf
R19E00900.pdf,R19E02400.pdf,R19E03900.pdf,R19E05400.pdf
R19E00901.pdf,R19E02401.pdf,R19E03901.pdf,R19E05401.pdf
R19E00902.pdf,R19E02402.pdf,R19E03902.pdf,R19E05402.pdf
R19E00903.pdf,R19E02403.pdf,R19E03903.pdf,R19E05403.pdf
R19E00904.pdf,R19E02404.pdf,R19E03904.pdf,R19E05404.pdf
R19E00905.pdf,R19E02405.pdf,R19E03905.pdf,R19E05405.pdf
R19E00906.pdf,R19E02406.pdf,R19E03906.pdf,R19E05406.pdf
R19E00907.pdf,R19E02407.pdf,R19E03907.pdf,R19E05407.pdf
R19E00908.pdf,R19E02408.pdf,R19E03908.pdf,R19E05408.pdf
R19E00909.pdf,R19E02409.pdf,R19E03909.pdf,R19E05409.pdf
R19E00910.pdf,R19E02410.pdf,R19E03910.pdf,R19E05410.pdf
R19E00911.pdf,R19E02411.pdf,R19E03911.pdf,R19E05411.pdf
R19E00912.pdf,R19E02412.pdf,R19E03912.pdf,R19E05412.pdf
R19E00913.pdf,R19E02413.pdf,R19E03913.pdf,R19E05413.pdf
R19E00914.pdf,R19E02414.pdf,R19E03914.pdf,R19E05414.pdf
R19E00915.pdf,R19E02415.pdf,R19E03915.pdf,R19E05415.pdf
R19E00916.pdf,R19E02416.pdf,R19E03916.pdf,R19E05416.pdf
R19E00917.pdf,R19E02417.pdf,R19E03917.pdf,R19E05417.pdf
R19E00918.pdf,R19E02418.pdf,R19E03918.pdf,R19E05418.pdf
R19E00919.pdf,R19E02419.pdf,R19E03919.pdf,R19E05419.pdf
R19E00920.pdf,R19E02420.pdf,R19E03920.pdf,R19E05420.pdf
R19E00921.pdf,R19E02421.pdf,R19E03921.pdf,R19E05421.pdf
R19E00922.pdf,R19E02422.pdf,R19E03922.pdf,R19E05422.pdf
R19E00923.pdf,R19E02423.pdf,R19E03923.pdf,R19E05423.pdf
R19E00924.pdf,R19E02424.pdf,R19E03924.pdf,R19E05424.pdf
R19E00925.pdf,R19E02425.pdf,R19E03925.pdf,R19E05425.pdf
R19E00926.pdf,R19E02426.pdf,R19E03926.pdf,R19E05426.pdf
R19E00927.pdf,R19E02427.pdf,R19E03927.pdf,R19E05427.pdf
R19E00928.pdf,R19E02428.pdf,R19E03928.pdf,R19E05428.pdf
R19E00929.pdf,R19E02429.pdf,R19E03929.pdf,R19E05429.pdf
R19E00930.pdf,R19E02430.pdf,R19E03930.pdf,R19E05430.pdf
R19E00931.pdf,R19E02431.pdf,R19E03931.pdf,R19E05431.pdf
R19E00932.pdf,R19E02432.pdf,R19E03932.pdf,R19E05432.pdf
R19E00933.pdf,R19E02433.pdf,R19E03933.pdf,R19E05433.pdf
R19E00934.pdf,R19E02434.pdf,R19E03934.pdf,R19E05434.pdf
R19E00935.pdf,R19E02435.pdf,R19E03935.pdf,R19E05435.pdf
R19E00936.pdf,R19E02436.pdf,R19E03936.pdf,R19E05436.pdf
R19E00937.pdf,R19E02437.pdf,R19E03937.pdf,R19E05437.pdf
R19E00938.pdf,R19E02438.pdf,R19E03938.pdf,R19E05438.pdf
R19E00939.pdf,R19E02439.pdf,R19E03939.pdf,R19E05439.pdf
R19E00940.pdf,R19E02440.pdf,R19E03940.pdf,R19E05440.pdf
R19E00941.pdf,R19E02441.pdf,R19E03941.pdf,R19E05441.pdf
R19E00942.pdf,R19E02442.pdf,R19E03942.pdf,R19E05442.pdf
R19E00943.pdf,R19E02443.pdf,R19E03943.pdf,R19E05443.pdf
R19E00944.pdf,R19E02444.pdf,R19E03944.pdf,R19E05444.pdf
R19E00945.pdf,R19E02445.pdf,R19E03945.pdf,R19E05445.pdf
R19E00946.pdf,R19E02446.pdf,R19E03946.pdf,R19E05446.pdf
R19E00947.pdf,R19E02447.pdf,R19E03947.pdf,R19E05447.pdf
R19E00948.pdf,R19E02448.pdf,R19E03948.pdf,R19E05448.pdf
R19E00949.pdf,R19E02449.pdf,R19E03949.pdf,R19E05449.pdf
R19E00950.pdf,R19E02450.pdf,R19E03950.pdf,R19E05450.pdf
R19E00951.pdf,R19E02451.pdf,R19E03951.pdf,R19E05451.pdf
R19E00952.pdf,R19E02452.pdf,R19E03952.pdf,R19E05452.pdf
R19E00953.pdf,R19E02453.pdf,R19E03953.pdf,R19E05453.pdf
R19E00954.pdf,R19E02454.pdf,R19E03954.pdf,R19E05454.pdf
R19E00955.pdf,R19E02455.pdf,R19E03955.pdf,R19E05455.pdf
R19E00956.pdf,R19E02456.pdf,R19E03956.pdf,R19E05456.pdf
R19E00957.pdf,R19E02457.pdf,R19E03957.pdf,R19E05457.pdf
R19E00958.pdf,R19E02458.pdf,R19E03958.pdf,R19E05458.pdf
R19E00959.pdf,R19E02459.pdf,R19E03959.pdf,R19E05459.pdf
R19E00960.pdf,R19E02460.pdf,R19E03960.pdf,R19E05460.pdf
R19E00961.pdf,R19E02461.pdf,R19E03961.pdf,R19E05461.pdf
R19E00962.pdf,R19E02462.pdf,R19E03962.pdf,R19E05462.pdf
R19E00963.pdf,R19E02463.pdf,R19E03963.pdf,R19E05463.pdf
R19E00964.pdf,R19E02464.pdf,R19E03964.pdf,R19E05464.pdf
R19E00965.pdf,R19E02465.pdf,R19E03965.pdf,R19E05465.pdf
R19E00966.pdf,R19E02466.pdf,R19E03966.pdf,R19E05466.pdf
R19E00967.pdf,R19E02467.pdf,R19E03967.pdf,R19E05467.pdf
R19E00968.pdf,R19E02468.pdf,R19E03968.pdf,R19E05468.pdf
R19E00969.pdf,R19E02469.pdf,R19E03969.pdf,R19E05469.pdf
R19E00970.pdf,R19E02470.pdf,R19E03970.pdf,R19E05470.pdf
R19E00971.pdf,R19E02471.pdf,R19E03971.pdf,R19E05471.pdf
R19E00972.pdf,R19E02472.pdf,R19E03972.pdf,R19E05472.pdf
R19E00973.pdf,R19E02473.pdf,R19E03973.pdf,R19E05473.pdf
R19E00974.pdf,R19E02474.pdf,R19E03974.pdf,R19E05474.pdf
R19E00975.pdf,R19E02475.pdf,R19E03975.pdf,R19E05475.pdf
R19E00976.pdf,R19E02476.pdf,R19E03976.pdf,R19E05476.pdf
R19E00977.pdf,R19E02477.pdf,R19E03977.pdf,R19E05477.pdf
R19E00978.pdf,R19E02478.pdf,R19E03978.pdf,R19E05478.pdf
R19E00979.pdf,R19E02479.pdf,R19E03979.pdf,R19E05479.pdf
R19E00980.pdf,R19E02480.pdf,R19E03980.pdf,R19E05480.pdf
R19E00981.pdf,R19E02481.pdf,R19E03981.pdf,R19E05481.pdf
R19E00982.pdf,R19E02482.pdf,R19E03982.pdf,R19E05482.pdf
R19E00983.pdf,R19E02483.pdf,R19E03983.pdf,R19E05483.pdf
R19E00984.pdf,R19E02484.pdf,R19E03984.pdf,R19E05484.pdf
R19E00985.pdf,R19E02485.pdf,R19E03985.pdf,R19E05485.pdf
R19E00986.pdf,R19E02486.pdf,R19E03986.pdf,R19E05486.pdf
R19E00987.pdf,R19E02487.pdf,R19E03987.pdf,R19E05487.pdf
R19E00988.pdf,R19E02488.pdf,R19E03988.pdf,R19E05488.pdf
R19E00989.pdf,R19E02489.pdf,R19E03989.pdf,R19E05489.pdf
R19E00990.pdf,R19E02490.pdf,R19E03990.pdf,R19E05490.pdf
R19E00991.pdf,R19E02491.pdf,R19E03991.pdf,R19E05491.pdf
R19E00992.pdf,R19E02492.pdf,R19E03992.pdf,R19E05492.pdf
R19E00993.pdf,R19E02493.pdf,R19E03993.pdf,R19E05493.pdf
R19E00994.pdf,R19E02494.pdf,R19E03994.pdf,R19E05494.pdf
R19E00995.pdf,R19E02495.pdf,R19E03995.pdf,R19E05495.pdf
R19E00996.pdf,R19E02496.pdf,R19E03996.pdf,R19E05496.pdf
R19E00997.pdf,R19E02497.pdf,R19E03997.pdf,R19E05497.pdf
R19E00998.pdf,R19E02498.pdf,R19E03998.pdf,R19E05498.pdf
R19E00999.pdf,R19E02499.pdf,R19E03999.pdf,R19E05499.pdf
R19E01000.pdf,R19E02500.pdf,R19E04000.pdf,R19E05500.pdf
R19E01001.pdf,R19E02501.pdf,R19E04001.pdf,R19E05501.pdf
R19E01002.pdf,R19E02502.pdf,R19E04002.pdf,R19E05502.pdf
R19E01003.pdf,R19E02503.pdf,R19E04003.pdf,R19E05503.pdf
R19E01004.pdf,R19E02504.pdf,R19E04004.pdf,R19E05504.pdf
R19E01005.pdf,R19E02505.pdf,R19E04005.pdf,R19E05505.pdf
R19E01006.pdf,R19E02506.pdf,R19E04006.pdf,R19E05506.pdf
R19E01007.pdf,R19E02507.pdf,R19E04007.pdf,R19E05507.pdf
R19E01008.pdf,R19E02508.pdf,R19E04008.pdf,R19E05508.pdf
R19E01009.pdf,R19E02509.pdf,R19E04009.pdf,R19E05509.pdf
R19E01010.pdf,R19E02510.pdf,R19E04010.pdf,R19E05510.pdf
R19E01011.pdf,R19E02511.pdf,R19E04011.pdf,R19E05511.pdf
R19E01012.pdf,R19E02512.pdf,R19E04012.pdf,R19E05512.pdf
R19E01013.pdf,R19E02513.pdf,R19E04013.pdf,R19E05513.pdf
R19E01014.pdf,R19E02514.pdf,R19E04014.pdf,R19E05514.pdf
R19E01015.pdf,R19E02515.pdf,R19E04015.pdf,R19E05515.pdf
R19E01016.pdf,R19E02516.pdf,R19E04016.pdf,R19E05516.pdf
R19E01017.pdf,R19E02517.pdf,R19E04017.pdf,R19E05517.pdf
R19E01018.pdf,R19E02518.pdf,R19E04018.pdf,R19E05518.pdf
R19E01019.pdf,R19E02519.pdf,R19E04019.pdf,R19E05519.pdf
R19E01020.pdf,R19E02520.pdf,R19E04020.pdf,R19E05520.pdf
R19E01021.pdf,R19E02521.pdf,R19E04021.pdf,R19E05521.pdf
R19E01022.pdf,R19E02522.pdf,R19E04022.pdf,R19E05522.pdf
R19E01023.pdf,R19E02523.pdf,R19E04023.pdf,R19E05523.pdf
R19E01024.pdf,R19E02524.pdf,R19E04024.pdf,R19E05524.pdf
R19E01025.pdf,R19E02525.pdf,R19E04025.pdf,R19E05525.pdf
R19E01026.pdf,R19E02526.pdf,R19E04026.pdf,R19E05526.pdf
R19E01027.pdf,R19E02527.pdf,R19E04027.pdf,R19E05527.pdf
R19E01028.pdf,R19E02528.pdf,R19E04028.pdf,R19E05528.pdf
R19E01029.pdf,R19E02529.pdf,R19E04029.pdf,R19E05529.pdf
R19E01030.pdf,R19E02530.pdf,R19E04030.pdf,R19E05530.pdf
R19E01031.pdf,R19E02531.pdf,R19E04031.pdf,R19E05531.pdf
R19E01032.pdf,R19E02532.pdf,R19E04032.pdf,R19E05532.pdf
R19E01033.pdf,R19E02533.pdf,R19E04033.pdf,R19E05533.pdf
R19E01034.pdf,R19E02534.pdf,R19E04034.pdf,R19E05534.pdf
R19E01035.pdf,R19E02535.pdf,R19E04035.pdf,R19E05535.pdf
R19E01036.pdf,R19E02536.pdf,R19E04036.pdf,R19E05536.pdf
R19E01037.pdf,R19E02537.pdf,R19E04037.pdf,R19E05537.pdf
R19E01038.pdf,R19E02538.pdf,R19E04038.pdf,R19E05538.pdf
R19E01039.pdf,R19E02539.pdf,R19E04039.pdf,R19E05539.pdf
R19E01040.pdf,R19E02540.pdf,R19E04040.pdf,R19E05540.pdf
R19E01041.pdf,R19E02541.pdf,R19E04041.pdf,R19E05541.pdf
R19E01042.pdf,R19E02542.pdf,R19E04042.pdf,R19E05542.pdf
R19E01043.pdf,R19E02543.pdf,R19E04043.pdf,R19E05543.pdf
R19E01044.pdf,R19E02544.pdf,R19E04044.pdf,R19E05544.pdf
R19E01045.pdf,R19E02545.pdf,R19E04045.pdf,R19E05545.pdf
R19E01046.pdf,R19E02546.pdf,R19E04046.pdf,R19E05546.pdf
R19E01047.pdf,R19E02547.pdf,R19E04047.pdf,R19E05547.pdf
R19E01048.pdf,R19E02548.pdf,R19E04048.pdf,R19E05548.pdf
R19E01049.pdf,R19E02549.pdf,R19E04049.pdf,R19E05549.pdf
R19E01050.pdf,R19E02550.pdf,R19E04050.pdf,R19E05550.pdf
R19E01051.pdf,R19E02551.pdf,R19E04051.pdf,R19E05551.pdf
R19E01052.pdf,R19E02552.pdf,R19E04052.pdf,R19E05552.pdf
R19E01053.pdf,R19E02553.pdf,R19E04053.pdf,R19E05553.pdf
R19E01054.pdf,R19E02554.pdf,R19E04054.pdf,R19E05554.pdf
R19E01055.pdf,R19E02555.pdf,R19E04055.pdf,R19E05555.pdf
R19E01056.pdf,R19E02556.pdf,R19E04056.pdf,R19E05556.pdf
R19E01057.pdf,R19E02557.pdf,R19E04057.pdf,R19E05557.pdf
R19E01058.pdf,R19E02558.pdf,R19E04058.pdf,R19E05558.pdf
R19E01059.pdf,R19E02559.pdf,R19E04059.pdf,R19E05559.pdf
R19E01060.pdf,R19E02560.pdf,R19E04060.pdf,R19E05560.pdf
R19E01061.pdf,R19E02561.pdf,R19E04061.pdf,R19E05561.pdf
R19E01062.pdf,R19E02562.pdf,R19E04062.pdf,R19E05562.pdf
R19E01063.pdf,R19E02563.pdf,R19E04063.pdf,R19E05563.pdf
R19E01064.pdf,R19E02564.pdf,R19E04064.pdf,R19E05564.pdf
R19E01065.pdf,R19E02565.pdf,R19E04065.pdf,R19E05565.pdf
R19E01066.pdf,R19E02566.pdf,R19E04066.pdf,R19E05566.pdf
R19E01067.pdf,R19E02567.pdf,R19E04067.pdf,R19E05567.pdf
R19E01068.pdf,R19E02568.pdf,R19E04068.pdf,R19E05568.pdf
R19E01069.pdf,R19E02569.pdf,R19E04069.pdf,R19E05569.pdf
R19E01070.pdf,R19E02570.pdf,R19E04070.pdf,R19E05570.pdf
R19E01071.pdf,R19E02571.pdf,R19E04071.pdf,R19E05571.pdf
R19E01072.pdf,R19E02572.pdf,R19E04072.pdf,R19E05572.pdf
R19E01073.pdf,R19E02573.pdf,R19E04073.pdf,R19E05573.pdf
R19E01074.pdf,R19E02574.pdf,R19E04074.pdf,R19E05574.pdf
R19E01075.pdf,R19E02575.pdf,R19E04075.pdf,R19E05575.pdf
R19E01076.pdf,R19E02576.pdf,R19E04076.pdf,R19E05576.pdf
R19E01077.pdf,R19E02577.pdf,R19E04077.pdf,R19E05577.pdf
R19E01078.pdf,R19E02578.pdf,R19E04078.pdf,R19E05578.pdf
R19E01079.pdf,R19E02579.pdf,R19E04079.pdf,R19E05579.pdf
R19E01080.pdf,R19E02580.pdf,R19E04080.pdf,R19E05580.pdf
R19E01081.pdf,R19E02581.pdf,R19E04081.pdf,R19E05581.pdf
R19E01082.pdf,R19E02582.pdf,R19E04082.pdf,R19E05582.pdf
R19E01083.pdf,R19E02583.pdf,R19E04083.pdf,R19E05583.pdf
R19E01084.pdf,R19E02584.pdf,R19E04084.pdf,R19E05584.pdf
R19E01085.pdf,R19E02585.pdf,R19E04085.pdf,R19E05585.pdf
R19E01086.pdf,R19E02586.pdf,R19E04086.pdf,R19E05586.pdf
R19E01087.pdf,R19E02587.pdf,R19E04087.pdf,R19E05587.pdf
R19E01088.pdf,R19E02588.pdf,R19E04088.pdf,R19E05588.pdf
R19E01089.pdf,R19E02589.pdf,R19E04089.pdf,R19E05589.pdf
R19E01090.pdf,R19E02590.pdf,R19E04090.pdf,R19E05590.pdf
R19E01091.pdf,R19E02591.pdf,R19E04091.pdf,R19E05591.pdf
R19E01092.pdf,R19E02592.pdf,R19E04092.pdf,R19E05592.pdf
R19E01093.pdf,R19E02593.pdf,R19E04093.pdf,R19E05593.pdf
R19E01094.pdf,R19E02594.pdf,R19E04094.pdf,R19E05594.pdf
R19E01095.pdf,R19E02595.pdf,R19E04095.pdf,R19E05595.pdf
R19E01096.pdf,R19E02596.pdf,R19E04096.pdf,R19E05596.pdf
R19E01097.pdf,R19E02597.pdf,R19E04097.pdf,R19E05597.pdf
R19E01098.pdf,R19E02598.pdf,R19E04098.pdf,R19E05598.pdf
R19E01099.pdf,R19E02599.pdf,R19E04099.pdf,R19E05599.pdf
R19E01100.pdf,R19E02600.pdf,R19E04100.pdf,R19E05600.pdf
R19E01101.pdf,R19E02601.pdf,R19E04101.pdf,R19E05601.pdf
R19E01102.pdf,R19E02602.pdf,R19E04102.pdf,R19E05602.pdf
R19E01103.pdf,R19E02603.pdf,R19E04103.pdf,R19E05603.pdf
R19E01104.pdf,R19E02604.pdf,R19E04104.pdf,R19E05604.pdf
R19E01105.pdf,R19E02605.pdf,R19E04105.pdf,R19E05605.pdf
R19E01106.pdf,R19E02606.pdf,R19E04106.pdf,R19E05606.pdf
R19E01107.pdf,R19E02607.pdf,R19E04107.pdf,R19E05607.pdf
R19E01108.pdf,R19E02608.pdf,R19E04108.pdf,R19E05608.pdf
R19E01109.pdf,R19E02609.pdf,R19E04109.pdf,R19E05609.pdf
R19E01110.pdf,R19E02610.pdf,R19E04110.pdf,R19E05610.pdf
R19E01111.pdf,R19E02611.pdf,R19E04111.pdf,R19E05611.pdf
R19E01112.pdf,R19E02612.pdf,R19E04112.pdf,R19E05612.pdf
R19E01113.pdf,R19E02613.pdf,R19E04113.pdf,R19E05613.pdf
R19E01114.pdf,R19E02614.pdf,R19E04114.pdf,R19E05614.pdf
R19E01115.pdf,R19E02615.pdf,R19E04115.pdf,R19E05615.pdf
R19E01116.pdf,R19E02616.pdf,R19E04116.pdf,R19E05616.pdf
R19E01117.pdf,R19E02617.pdf,R19E04117.pdf,R19E05617.pdf
R19E01118.pdf,R19E02618.pdf,R19E04118.pdf,R19E05618.pdf
R19E01119.pdf,R19E02619.pdf,R19E04119.pdf,R19E05619.pdf
R19E01120.pdf,R19E02620.pdf,R19E04120.pdf,R19E05620.pdf
R19E01121.pdf,R19E02621.pdf,R19E04121.pdf,R19E05621.pdf
R19E01122.pdf,R19E02622.pdf,R19E04122.pdf,R19E05622.pdf
R19E01123.pdf,R19E02623.pdf,R19E04123.pdf,R19E05623.pdf
R19E01124.pdf,R19E02624.pdf,R19E04124.pdf,R19E05624.pdf
R19E01125.pdf,R19E02625.pdf,R19E04125.pdf,R19E05625.pdf
R19E01126.pdf,R19E02626.pdf,R19E04126.pdf,R19E05626.pdf
R19E01127.pdf,R19E02627.pdf,R19E04127.pdf,R19E05627.pdf
R19E01128.pdf,R19E02628.pdf,R19E04128.pdf,R19E05628.pdf
R19E01129.pdf,R19E02629.pdf,R19E04129.pdf,R19E05629.pdf
R19E01130.pdf,R19E02630.pdf,R19E04130.pdf,R19E05630.pdf
R19E01131.pdf,R19E02631.pdf,R19E04131.pdf,R19E05631.pdf
R19E01132.pdf,R19E02632.pdf,R19E04132.pdf,R19E05632.pdf
R19E01133.pdf,R19E02633.pdf,R19E04133.pdf,R19E05633.pdf
R19E01134.pdf,R19E02634.pdf,R19E04134.pdf,R19E05634.pdf
R19E01135.pdf,R19E02635.pdf,R19E04135.pdf,R19E05635.pdf
R19E01136.pdf,R19E02636.pdf,R19E04136.pdf,R19E05636.pdf
R19E01137.pdf,R19E02637.pdf,R19E04137.pdf,R19E05637.pdf
R19E01138.pdf,R19E02638.pdf,R19E04138.pdf,R19E05638.pdf
R19E01139.pdf,R19E02639.pdf,R19E04139.pdf,R19E05639.pdf
R19E01140.pdf,R19E02640.pdf,R19E04140.pdf,R19E05640.pdf
R19E01141.pdf,R19E02641.pdf,R19E04141.pdf,R19E05641.pdf
R19E01142.pdf,R19E02642.pdf,R19E04142.pdf,R19E05642.pdf
R19E01143.pdf,R19E02643.pdf,R19E04143.pdf,R19E05643.pdf
R19E01144.pdf,R19E02644.pdf,R19E04144.pdf,R19E05644.pdf
R19E01145.pdf,R19E02645.pdf,R19E04145.pdf,R19E05645.pdf
R19E01146.pdf,R19E02646.pdf,R19E04146.pdf,R19E05646.pdf
R19E01147.pdf,R19E02647.pdf,R19E04147.pdf,R19E05647.pdf
R19E01148.pdf,R19E02648.pdf,R19E04148.pdf,R19E05648.pdf
R19E01149.pdf,R19E02649.pdf,R19E04149.pdf,R19E05649.pdf
R19E01150.pdf,R19E02650.pdf,R19E04150.pdf,R19E05650.pdf
R19E01151.pdf,R19E02651.pdf,R19E04151.pdf,R19E05651.pdf
R19E01152.pdf,R19E02652.pdf,R19E04152.pdf,R19E05652.pdf
R19E01153.pdf,R19E02653.pdf,R19E04153.pdf,R19E05653.pdf
R19E01154.pdf,R19E02654.pdf,R19E04154.pdf,R19E05654.pdf
R19E01155.pdf,R19E02655.pdf,R19E04155.pdf,R19E05655.pdf
R19E01156.pdf,R19E02656.pdf,R19E04156.pdf,R19E05656.pdf
R19E01157.pdf,R19E02657.pdf,R19E04157.pdf,R19E05657.pdf
R19E01158.pdf,R19E02658.pdf,R19E04158.pdf,R19E05658.pdf
R19E01159.pdf,R19E02659.pdf,R19E04159.pdf,R19E05659.pdf
R19E01160.pdf,R19E02660.pdf,R19E04160.pdf,R19E05660.pdf
R19E01161.pdf,R19E02661.pdf,R19E04161.pdf,R19E05661.pdf
R19E01162.pdf,R19E02662.pdf,R19E04162.pdf,R19E05662.pdf
R19E01163.pdf,R19E02663.pdf,R19E04163.pdf,R19E05663.pdf
R19E01164.pdf,R19E02664.pdf,R19E04164.pdf,R19E05664.pdf
R19E01165.pdf,R19E02665.pdf,R19E04165.pdf,R19E05665.pdf
R19E01166.pdf,R19E02666.pdf,R19E04166.pdf,R19E05666.pdf
R19E01167.pdf,R19E02667.pdf,R19E04167.pdf,R19E05667.pdf
R19E01168.pdf,R19E02668.pdf,R19E04168.pdf,R19E05668.pdf
R19E01169.pdf,R19E02669.pdf,R19E04169.pdf,R19E05669.pdf
R19E01170.pdf,R19E02670.pdf,R19E04170.pdf,R19E05670.pdf
R19E01171.pdf,R19E02671.pdf,R19E04171.pdf,R19E05671.pdf
R19E01172.pdf,R19E02672.pdf,R19E04172.pdf,R19E05672.pdf
R19E01173.pdf,R19E02673.pdf,R19E04173.pdf,R19E05673.pdf
R19E01174.pdf,R19E02674.pdf,R19E04174.pdf,R19E05674.pdf
R19E01175.pdf,R19E02675.pdf,R19E04175.pdf,R19E05675.pdf
R19E01176.pdf,R19E02676.pdf,R19E04176.pdf,R19E05676.pdf
R19E01177.pdf,R19E02677.pdf,R19E04177.pdf,R19E05677.pdf
R19E01178.pdf,R19E02678.pdf,R19E04178.pdf,R19E05678.pdf
R19E01179.pdf,R19E02679.pdf,R19E04179.pdf,R19E05679.pdf
R19E01180.pdf,R19E02680.pdf,R19E04180.pdf,R19E05680.pdf
R19E01181.pdf,R19E02681.pdf,R19E04181.pdf,R19E05681.pdf
R19E01182.pdf,R19E02682.pdf,R19E04182.pdf,R19E05682.pdf
R19E01183.pdf,R19E02683.pdf,R19E04183.pdf,R19E05683.pdf
R19E01184.pdf,R19E02684.pdf,R19E04184.pdf,R19E05684.pdf
R19E01185.pdf,R19E02685.pdf,R19E04185.pdf,R19E05685.pdf
R19E01186.pdf,R19E02686.pdf,R19E04186.pdf,R19E05686.pdf
R19E01187.pdf,R19E02687.pdf,R19E04187.pdf,R19E05687.pdf
R19E01188.pdf,R19E02688.pdf,R19E04188.pdf,R19E05688.pdf
R19E01189.pdf,R19E02689.pdf,R19E04189.pdf,R19E05689.pdf
R19E01190.pdf,R19E02690.pdf,R19E04190.pdf,R19E05690.pdf
R19E01191.pdf,R19E02691.pdf,R19E04191.pdf,R19E05691.pdf
R19E01192.pdf,R19E02692.pdf,R19E04192.pdf,R19E05692.pdf
R19E01193.pdf,R19E02693.pdf,R19E04193.pdf,R19E05693.pdf
R19E01194.pdf,R19E02694.pdf,R19E04194.pdf,R19E05694.pdf
R19E01195.pdf,R19E02695.pdf,R19E04195.pdf,R19E05695.pdf
R19E01196.pdf,R19E02696.pdf,R19E04196.pdf,R19E05696.pdf
R19E01197.pdf,R19E02697.pdf,R19E04197.pdf,R19E05697.pdf
R19E01198.pdf,R19E02698.pdf,R19E04198.pdf,R19E05698.pdf
R19E01199.pdf,R19E02699.pdf,R19E04199.pdf,R19E05699.pdf
R19E01200.pdf,R19E02700.pdf,R19E04200.pdf,R19E05700.pdf
R19E01201.pdf,R19E02701.pdf,R19E04201.pdf,R19E05701.pdf
R19E01202.pdf,R19E02702.pdf,R19E04202.pdf,R19E05702.pdf
R19E01203.pdf,R19E02703.pdf,R19E04203.pdf,R19E05703.pdf
R19E01204.pdf,R19E02704.pdf,R19E04204.pdf,R19E05704.pdf
R19E01205.pdf,R19E02705.pdf,R19E04205.pdf,R19E05705.pdf
R19E01206.pdf,R19E02706.pdf,R19E04206.pdf,R19E05706.pdf
R19E01207.pdf,R19E02707.pdf,R19E04207.pdf,R19E05707.pdf
R19E01208.pdf,R19E02708.pdf,R19E04208.pdf,R19E05708.pdf
R19E01209.pdf,R19E02709.pdf,R19E04209.pdf,R19E05709.pdf
R19E01210.pdf,R19E02710.pdf,R19E04210.pdf,R19E05710.pdf
R19E01211.pdf,R19E02711.pdf,R19E04211.pdf,R19E05711.pdf
R19E01212.pdf,R19E02712.pdf,R19E04212.pdf,R19E05712.pdf
R19E01213.pdf,R19E02713.pdf,R19E04213.pdf,R19E05713.pdf
R19E01214.pdf,R19E02714.pdf,R19E04214.pdf,R19E05714.pdf
R19E01215.pdf,R19E02715.pdf,R19E04215.pdf,R19E05715.pdf
R19E01216.pdf,R19E02716.pdf,R19E04216.pdf,R19E05716.pdf
R19E01217.pdf,R19E02717.pdf,R19E04217.pdf,R19E05717.pdf
R19E01218.pdf,R19E02718.pdf,R19E04218.pdf,R19E05718.pdf
R19E01219.pdf,R19E02719.pdf,R19E04219.pdf,R19E05719.pdf
R19E01220.pdf,R19E02720.pdf,R19E04220.pdf,R19E05720.pdf
R19E01221.pdf,R19E02721.pdf,R19E04221.pdf,R19E05721.pdf
R19E01222.pdf,R19E02722.pdf,R19E04222.pdf,R19E05722.pdf
R19E01223.pdf,R19E02723.pdf,R19E04223.pdf,R19E05723.pdf
R19E01224.pdf,R19E02724.pdf,R19E04224.pdf,R19E05724.pdf
R19E01225.pdf,R19E02725.pdf,R19E04225.pdf,R19E05725.pdf
R19E01226.pdf,R19E02726.pdf,R19E04226.pdf,R19E05726.pdf
R19E01227.pdf,R19E02727.pdf,R19E04227.pdf,R19E05727.pdf
R19E01228.pdf,R19E02728.pdf,R19E04228.pdf,R19E05728.pdf
R19E01229.pdf,R19E02729.pdf,R19E04229.pdf,R19E05729.pdf
R19E01230.pdf,R19E02730.pdf,R19E04230.pdf,R19E05730.pdf
R19E01231.pdf,R19E02731.pdf,R19E04231.pdf,R19E05731.pdf
R19E01232.pdf,R19E02732.pdf,R19E04232.pdf,R19E05732.pdf
R19E01233.pdf,R19E02733.pdf,R19E04233.pdf,R19E05733.pdf
R19E01234.pdf,R19E02734.pdf,R19E04234.pdf,R19E05734.pdf
R19E01235.pdf,R19E02735.pdf,R19E04235.pdf,R19E05735.pdf
R19E01236.pdf,R19E02736.pdf,R19E04236.pdf,R19E05736.pdf
R19E01237.pdf,R19E02737.pdf,R19E04237.pdf,R19E05737.pdf
R19E01238.pdf,R19E02738.pdf,R19E04238.pdf,R19E05738.pdf
R19E01239.pdf,R19E02739.pdf,R19E04239.pdf,R19E05739.pdf
R19E01240.pdf,R19E02740.pdf,R19E04240.pdf,R19E05740.pdf
R19E01241.pdf,R19E02741.pdf,R19E04241.pdf,R19E05741.pdf
R19E01242.pdf,R19E02742.pdf,R19E04242.pdf,R19E05742.pdf
R19E01243.pdf,R19E02743.pdf,R19E04243.pdf,R19E05743.pdf
R19E01244.pdf,R19E02744.pdf,R19E04244.pdf,R19E05744.pdf
R19E01245.pdf,R19E02745.pdf,R19E04245.pdf,R19E05745.pdf
R19E01246.pdf,R19E02746.pdf,R19E04246.pdf,R19E05746.pdf
R19E01247.pdf,R19E02747.pdf,R19E04247.pdf,R19E05747.pdf
R19E01248.pdf,R19E02748.pdf,R19E04248.pdf,R19E05748.pdf
R19E01249.pdf,R19E02749.pdf,R19E04249.pdf,R19E05749.pdf
R19E01250.pdf,R19E02750.pdf,R19E04250.pdf,R19E05750.pdf
R19E01251.pdf,R19E02751.pdf,R19E04251.pdf,R19E05751.pdf
R19E01252.pdf,R19E02752.pdf,R19E04252.pdf,R19E05752.pdf
R19E01253.pdf,R19E02753.pdf,R19E04253.pdf,R19E05753.pdf
R19E01254.pdf,R19E02754.pdf,R19E04254.pdf,R19E05754.pdf
R19E01255.pdf,R19E02755.pdf,R19E04255.pdf,R19E05755.pdf
R19E01256.pdf,R19E02756.pdf,R19E04256.pdf,R19E05756.pdf
R19E01257.pdf,R19E02757.pdf,R19E04257.pdf,R19E05757.pdf
R19E01258.pdf,R19E02758.pdf,R19E04258.pdf,R19E05758.pdf
R19E01259.pdf,R19E02759.pdf,R19E04259.pdf,R19E05759.pdf
R19E01260.pdf,R19E02760.pdf,R19E04260.pdf,R19E05760.pdf
R19E01261.pdf,R19E02761.pdf,R19E04261.pdf,R19E05761.pdf
R19E01262.pdf,R19E02762.pdf,R19E04262.pdf,R19E05762.pdf
R19E01263.pdf,R19E02763.pdf,R19E04263.pdf,R19E05763.pdf
R19E01264.pdf,R19E02764.pdf,R19E04264.pdf,R19E05764.pdf
R19E01265.pdf,R19E02765.pdf,R19E04265.pdf,R19E05765.pdf
R19E01266.pdf,R19E02766.pdf,R19E04266.pdf,R19E05766.pdf
R19E01267.pdf,R19E02767.pdf,R19E04267.pdf,R19E05767.pdf
R19E01268.pdf,R19E02768.pdf,R19E04268.pdf,R19E05768.pdf
R19E01269.pdf,R19E02769.pdf,R19E04269.pdf,R19E05769.pdf
R19E01270.pdf,R19E02770.pdf,R19E04270.pdf,R19E05770.pdf
R19E01271.pdf,R19E02771.pdf,R19E04271.pdf,R19E05771.pdf
R19E01272.pdf,R19E02772.pdf,R19E04272.pdf,R19E05772.pdf
R19E01273.pdf,R19E02773.pdf,R19E04273.pdf,R19E05773.pdf
R19E01274.pdf,R19E02774.pdf,R19E04274.pdf,R19E05774.pdf
R19E01275.pdf,R19E02775.pdf,R19E04275.pdf,R19E05775.pdf
R19E01276.pdf,R19E02776.pdf,R19E04276.pdf,R19E05776.pdf
R19E01277.pdf,R19E02777.pdf,R19E04277.pdf,R19E05777.pdf
R19E01278.pdf,R19E02778.pdf,R19E04278.pdf,R19E05778.pdf
R19E01279.pdf,R19E02779.pdf,R19E04279.pdf,R19E05779.pdf
R19E01280.pdf,R19E02780.pdf,R19E04280.pdf,R19E05780.pdf
R19E01281.pdf,R19E02781.pdf,R19E04281.pdf,R19E05781.pdf
R19E01282.pdf,R19E02782.pdf,R19E04282.pdf,R19E05782.pdf
R19E01283.pdf,R19E02783.pdf,R19E04283.pdf,R19E05783.pdf
R19E01284.pdf,R19E02784.pdf,R19E04284.pdf,R19E05784.pdf
R19E01285.pdf,R19E02785.pdf,R19E04285.pdf,R19E05785.pdf
R19E01286.pdf,R19E02786.pdf,R19E04286.pdf,R19E05786.pdf
R19E01287.pdf,R19E02787.pdf,R19E04287.pdf,R19E05787.pdf
R19E01288.pdf,R19E02788.pdf,R19E04288.pdf,R19E05788.pdf
R19E01289.pdf,R19E02789.pdf,R19E04289.pdf,R19E05789.pdf
R19E01290.pdf,R19E02790.pdf,R19E04290.pdf,R19E05790.pdf
R19E01291.pdf,R19E02791.pdf,R19E04291.pdf,R19E05791.pdf
R19E01292.pdf,R19E02792.pdf,R19E04292.pdf,R19E05792.pdf
R19E01293.pdf,R19E02793.pdf,R19E04293.pdf,R19E05793.pdf
R19E01294.pdf,R19E02794.pdf,R19E04294.pdf,R19E05794.pdf
R19E01295.pdf,R19E02795.pdf,R19E04295.pdf,R19E05795.pdf
R19E01296.pdf,R19E02796.pdf,R19E04296.pdf,R19E05796.pdf
R19E01297.pdf,R19E02797.pdf,R19E04297.pdf,R19E05797.pdf
R19E01298.pdf,R19E02798.pdf,R19E04298.pdf,R19E05798.pdf
R19E01299.pdf,R19E02799.pdf,R19E04299.pdf,R19E05799.pdf
R19E01300.pdf,R19E02800.pdf,R19E04300.pdf,R19E05800.pdf
R19E01301.pdf,R19E02801.pdf,R19E04301.pdf,R19E05801.pdf
R19E01302.pdf,R19E02802.pdf,R19E04302.pdf,R19E05802.pdf
R19E01303.pdf,R19E02803.pdf,R19E04303.pdf,R19E05803.pdf
R19E01304.pdf,R19E02804.pdf,R19E04304.pdf,R19E05804.pdf
R19E01305.pdf,R19E02805.pdf,R19E04305.pdf,R19E05805.pdf
R19E01306.pdf,R19E02806.pdf,R19E04306.pdf,R19E05806.pdf
R19E01307.pdf,R19E02807.pdf,R19E04307.pdf,R19E05807.pdf
R19E01308.pdf,R19E02808.pdf,R19E04308.pdf,R19E05808.pdf
R19E01309.pdf,R19E02809.pdf,R19E04309.pdf,R19E05809.pdf
R19E01310.pdf,R19E02810.pdf,R19E04310.pdf,R19E05810.pdf
R19E01311.pdf,R19E02811.pdf,R19E04311.pdf,R19E05811.pdf
R19E01312.pdf,R19E02812.pdf,R19E04312.pdf,R19E05812.pdf
R19E01313.pdf,R19E02813.pdf,R19E04313.pdf,R19E05813.pdf
R19E01314.pdf,R19E02814.pdf,R19E04314.pdf,R19E05814.pdf
R19E01315.pdf,R19E02815.pdf,R19E04315.pdf,R19E05815.pdf
R19E01316.pdf,R19E02816.pdf,R19E04316.pdf,R19E05816.pdf
R19E01317.pdf,R19E02817.pdf,R19E04317.pdf,R19E05817.pdf
R19E01318.pdf,R19E02818.pdf,R19E04318.pdf,R19E05818.pdf
R19E01319.pdf,R19E02819.pdf,R19E04319.pdf,R19E05819.pdf
R19E01320.pdf,R19E02820.pdf,R19E04320.pdf,R19E05820.pdf
R19E01321.pdf,R19E02821.pdf,R19E04321.pdf,R19E05821.pdf
R19E01322.pdf,R19E02822.pdf,R19E04322.pdf,R19E05822.pdf
R19E01323.pdf,R19E02823.pdf,R19E04323.pdf,R19E05823.pdf
R19E01324.pdf,R19E02824.pdf,R19E04324.pdf,R19E05824.pdf
R19E01325.pdf,R19E02825.pdf,R19E04325.pdf,R19E05825.pdf
R19E01326.pdf,R19E02826.pdf,R19E04326.pdf,R19E05826.pdf
R19E01327.pdf,R19E02827.pdf,R19E04327.pdf,R19E05827.pdf
R19E01328.pdf,R19E02828.pdf,R19E04328.pdf,R19E05828.pdf
R19E01329.pdf,R19E02829.pdf,R19E04329.pdf,R19E05829.pdf
R19E01330.pdf,R19E02830.pdf,R19E04330.pdf,R19E05830.pdf
R19E01331.pdf,R19E02831.pdf,R19E04331.pdf,R19E05831.pdf
R19E01332.pdf,R19E02832.pdf,R19E04332.pdf,R19E05832.pdf
R19E01333.pdf,R19E02833.pdf,R19E04333.pdf,R19E05833.pdf
R19E01334.pdf,R19E02834.pdf,R19E04334.pdf,R19E05834.pdf
R19E01335.pdf,R19E02835.pdf,R19E04335.pdf,R19E05835.pdf
R19E01336.pdf,R19E02836.pdf,R19E04336.pdf,R19E05836.pdf
R19E01337.pdf,R19E02837.pdf,R19E04337.pdf,R19E05837.pdf
R19E01338.pdf,R19E02838.pdf,R19E04338.pdf,R19E05838.pdf
R19E01339.pdf,R19E02839.pdf,R19E04339.pdf,R19E05839.pdf
R19E01340.pdf,R19E02840.pdf,R19E04340.pdf,R19E05840.pdf
R19E01341.pdf,R19E02841.pdf,R19E04341.pdf,R19E05841.pdf
R19E01342.pdf,R19E02842.pdf,R19E04342.pdf,R19E05842.pdf
R19E01343.pdf,R19E02843.pdf,R19E04343.pdf,R19E05843.pdf
R19E01344.pdf,R19E02844.pdf,R19E04344.pdf,R19E05844.pdf
R19E01345.pdf,R19E02845.pdf,R19E04345.pdf,R19E05845.pdf
R19E01346.pdf,R19E02846.pdf,R19E04346.pdf,R19E05846.pdf
R19E01347.pdf,R19E02847.pdf,R19E04347.pdf,R19E05847.pdf
R19E01348.pdf,R19E02848.pdf,R19E04348.pdf,R19E05848.pdf
R19E01349.pdf,R19E02849.pdf,R19E04349.pdf,R19E05849.pdf
R19E01350.pdf,R19E02850.pdf,R19E04350.pdf,R19E05850.pdf
R19E01351.pdf,R19E02851.pdf,R19E04351.pdf,R19E05851.pdf
R19E01352.pdf,R19E02852.pdf,R19E04352.pdf,R19E05852.pdf
R19E01353.pdf,R19E02853.pdf,R19E04353.pdf,R19E05853.pdf
R19E01354.pdf,R19E02854.pdf,R19E04354.pdf,R19E05854.pdf
R19E01355.pdf,R19E02855.pdf,R19E04355.pdf,R19E05855.pdf
R19E01356.pdf,R19E02856.pdf,R19E04356.pdf,R19E05856.pdf
R19E01357.pdf,R19E02857.pdf,R19E04357.pdf,R19E05857.pdf
R19E01358.pdf,R19E02858.pdf,R19E04358.pdf,R19E05858.pdf
R19E01359.pdf,R19E02859.pdf,R19E04359.pdf,R19E05859.pdf
R19E01360.pdf,R19E02860.pdf,R19E04360.pdf,R19E05860.pdf
R19E01361.pdf,R19E02861.pdf,R19E04361.pdf,R19E05861.pdf
R19E01362.pdf,R19E02862.pdf,R19E04362.pdf,R19E05862.pdf
R19E01363.pdf,R19E02863.pdf,R19E04363.pdf,R19E05863.pdf
R19E01364.pdf,R19E02864.pdf,R19E04364.pdf,R19E05864.pdf
R19E01365.pdf,R19E02865.pdf,R19E04365.pdf,R19E05865.pdf
R19E01366.pdf,R19E02866.pdf,R19E04366.pdf,R19E05866.pdf
R19E01367.pdf,R19E02867.pdf,R19E04367.pdf,R19E05867.pdf
R19E01368.pdf,R19E02868.pdf,R19E04368.pdf,R19E05868.pdf
R19E01369.pdf,R19E02869.pdf,R19E04369.pdf,R19E05869.pdf
R19E01370.pdf,R19E02870.pdf,R19E04370.pdf,R19E05870.pdf
R19E01371.pdf,R19E02871.pdf,R19E04371.pdf,R19E05871.pdf
R19E01372.pdf,R19E02872.pdf,R19E04372.pdf,R19E05872.pdf
R19E01373.pdf,R19E02873.pdf,R19E04373.pdf,R19E05873.pdf
R19E01374.pdf,R19E02874.pdf,R19E04374.pdf,R19E05874.pdf
R19E01375.pdf,R19E02875.pdf,R19E04375.pdf,R19E05875.pdf
R19E01376.pdf,R19E02876.pdf,R19E04376.pdf,R19E05876.pdf
R19E01377.pdf,R19E02877.pdf,R19E04377.pdf,R19E05877.pdf
R19E01378.pdf,R19E02878.pdf,R19E04378.pdf,R19E05878.pdf
R19E01379.pdf,R19E02879.pdf,R19E04379.pdf,R19E05879.pdf
R19E01380.pdf,R19E02880.pdf,R19E04380.pdf,R19E05880.pdf
R19E01381.pdf,R19E02881.pdf,R19E04381.pdf,R19E05881.pdf
R19E01382.pdf,R19E02882.pdf,R19E04382.pdf,R19E05882.pdf
R19E01383.pdf,R19E02883.pdf,R19E04383.pdf,R19E05883.pdf
R19E01384.pdf,R19E02884.pdf,R19E04384.pdf,R19E05884.pdf
R19E01385.pdf,R19E02885.pdf,R19E04385.pdf,R19E05885.pdf
R19E01386.pdf,R19E02886.pdf,R19E04386.pdf,R19E05886.pdf
R19E01387.pdf,R19E02887.pdf,R19E04387.pdf,R19E05887.pdf
R19E01388.pdf,R19E02888.pdf,R19E04388.pdf,R19E05888.pdf
R19E01389.pdf,R19E02889.pdf,R19E04389.pdf,R19E05889.pdf
R19E01390.pdf,R19E02890.pdf,R19E04390.pdf,R19E05890.pdf
R19E01391.pdf,R19E02891.pdf,R19E04391.pdf,R19E05891.pdf
R19E01392.pdf,R19E02892.pdf,R19E04392.pdf,R19E05892.pdf
R19E01393.pdf,R19E02893.pdf,R19E04393.pdf,R19E05893.pdf
R19E01394.pdf,R19E02894.pdf,R19E04394.pdf,R19E05894.pdf
R19E01395.pdf,R19E02895.pdf,R19E04395.pdf,R19E05895.pdf
R19E01396.pdf,R19E02896.pdf,R19E04396.pdf,R19E05896.pdf
R19E01397.pdf,R19E02897.pdf,R19E04397.pdf,R19E05897.pdf
R19E01398.pdf,R19E02898.pdf,R19E04398.pdf,R19E05898.pdf
R19E01399.pdf,R19E02899.pdf,R19E04399.pdf,R19E05899.pdf
R19E01400.pdf,R19E02900.pdf,R19E04400.pdf,R19E05900.pdf
R19E01401.pdf,R19E02901.pdf,R19E04401.pdf,R19E05901.pdf
R19E01402.pdf,R19E02902.pdf,R19E04402.pdf,R19E05902.pdf
R19E01403.pdf,R19E02903.pdf,R19E04403.pdf,R19E05903.pdf
R19E01404.pdf,R19E02904.pdf,R19E04404.pdf,R19E05904.pdf
R19E01405.pdf,R19E02905.pdf,R19E04405.pdf,R19E05905.pdf
R19E01406.pdf,R19E02906.pdf,R19E04406.pdf,R19E05906.pdf
R19E01407.pdf,R19E02907.pdf,R19E04407.pdf,R19E05907.pdf
R19E01408.pdf,R19E02908.pdf,R19E04408.pdf,R19E05908.pdf
R19E01409.pdf,R19E02909.pdf,R19E04409.pdf,R19E05909.pdf
R19E01410.pdf,R19E02910.pdf,R19E04410.pdf,R19E05910.pdf
R19E01411.pdf,R19E02911.pdf,R19E04411.pdf,R19E05911.pdf
R19E01412.pdf,R19E02912.pdf,R19E04412.pdf,R19E05912.pdf
R19E01413.pdf,R19E02913.pdf,R19E04413.pdf,R19E05913.pdf
R19E01414.pdf,R19E02914.pdf,R19E04414.pdf,R19E05914.pdf
R19E01415.pdf,R19E02915.pdf,R19E04415.pdf,R19E05915.pdf
R19E01416.pdf,R19E02916.pdf,R19E04416.pdf,R19E05916.pdf
R19E01417.pdf,R19E02917.pdf,R19E04417.pdf,R19E05917.pdf
R19E01418.pdf,R19E02918.pdf,R19E04418.pdf,R19E05918.pdf
R19E01419.pdf,R19E02919.pdf,R19E04419.pdf,R19E05919.pdf
R19E01420.pdf,R19E02920.pdf,R19E04420.pdf,R19E05920.pdf
R19E01421.pdf,R19E02921.pdf,R19E04421.pdf,R19E05921.pdf
R19E01422.pdf,R19E02922.pdf,R19E04422.pdf,R19E05922.pdf
R19E01423.pdf,R19E02923.pdf,R19E04423.pdf,R19E05923.pdf
R19E01424.pdf,R19E02924.pdf,R19E04424.pdf,R19E05924.pdf
R19E01425.pdf,R19E02925.pdf,R19E04425.pdf,R19E05925.pdf
R19E01426.pdf,R19E02926.pdf,R19E04426.pdf,R19E05926.pdf
R19E01427.pdf,R19E02927.pdf,R19E04427.pdf,R19E05927.pdf
R19E01428.pdf,R19E02928.pdf,R19E04428.pdf,R19E05928.pdf
R19E01429.pdf,R19E02929.pdf,R19E04429.pdf,R19E05929.pdf
R19E01430.pdf,R19E02930.pdf,R19E04430.pdf,R19E05930.pdf
R19E01431.pdf,R19E02931.pdf,R19E04431.pdf,R19E05931.pdf
R19E01432.pdf,R19E02932.pdf,R19E04432.pdf,R19E05932.pdf
R19E01433.pdf,R19E02933.pdf,R19E04433.pdf,R19E05933.pdf
R19E01434.pdf,R19E02934.pdf,R19E04434.pdf,R19E05934.pdf
R19E01435.pdf,R19E02935.pdf,R19E04435.pdf,R19E05935.pdf
R19E01436.pdf,R19E02936.pdf,R19E04436.pdf,R19E05936.pdf
R19E01437.pdf,R19E02937.pdf,R19E04437.pdf,R19E05937.pdf
R19E01438.pdf,R19E02938.pdf,R19E04438.pdf,R19E05938.pdf
R19E01439.pdf,R19E02939.pdf,R19E04439.pdf,R19E05939.pdf
R19E01440.pdf,R19E02940.pdf,R19E04440.pdf,R19E05940.pdf
R19E01441.pdf,R19E02941.pdf,R19E04441.pdf,R19E05941.pdf
R19E01442.pdf,R19E02942.pdf,R19E04442.pdf,R19E05942.pdf
R19E01443.pdf,R19E02943.pdf,R19E04443.pdf,R19E05943.pdf
R19E01444.pdf,R19E02944.pdf,R19E04444.pdf,R19E05944.pdf
R19E01445.pdf,R19E02945.pdf,R19E04445.pdf,R19E05945.pdf
R19E01446.pdf,R19E02946.pdf,R19E04446.pdf,R19E05946.pdf
R19E01447.pdf,R19E02947.pdf,R19E04447.pdf,R19E05947.pdf
R19E01448.pdf,R19E02948.pdf,R19E04448.pdf,R19E05948.pdf
R19E01449.pdf,R19E02949.pdf,R19E04449.pdf,R19E05949.pdf
R19E01450.pdf,R19E02950.pdf,R19E04450.pdf,R19E05950.pdf
R19E01451.pdf,R19E02951.pdf,R19E04451.pdf,R19E05951.pdf
R19E01452.pdf,R19E02952.pdf,R19E04452.pdf,R19E05952.pdf
R19E01453.pdf,R19E02953.pdf,R19E04453.pdf,R19E05953.pdf
R19E01454.pdf,R19E02954.pdf,R19E04454.pdf,R19E05954.pdf
R19E01455.pdf,R19E02955.pdf,R19E04455.pdf,R19E05955.pdf
R19E01456.pdf,R19E02956.pdf,R19E04456.pdf,R19E05956.pdf
R19E01457.pdf,R19E02957.pdf,R19E04457.pdf,R19E05957.pdf
R19E01458.pdf,R19E02958.pdf,R19E04458.pdf,R19E05958.pdf
R19E01459.pdf,R19E02959.pdf,R19E04459.pdf,R19E05959.pdf
R19E01460.pdf,R19E02960.pdf,R19E04460.pdf,R19E05960.pdf
R19E01461.pdf,R19E02961.pdf,R19E04461.pdf,R19E05961.pdf
R19E01462.pdf,R19E02962.pdf,R19E04462.pdf,R19E05962.pdf
R19E01463.pdf,R19E02963.pdf,R19E04463.pdf,R19E05963.pdf
R19E01464.pdf,R19E02964.pdf,R19E04464.pdf,R19E05964.pdf
R19E01465.pdf,R19E02965.pdf,R19E04465.pdf,R19E05965.pdf
R19E01466.pdf,R19E02966.pdf,R19E04466.pdf,R19E05966.pdf
R19E01467.pdf,R19E02967.pdf,R19E04467.pdf,R19E05967.pdf
R19E01468.pdf,R19E02968.pdf,R19E04468.pdf,R19E05968.pdf
R19E01469.pdf,R19E02969.pdf,R19E04469.pdf,R19E05969.pdf
R19E01470.pdf,R19E02970.pdf,R19E04470.pdf,R19E05970.pdf
R19E01471.pdf,R19E02971.pdf,R19E04471.pdf,R19E05971.pdf
R19E01472.pdf,R19E02972.pdf,R19E04472.pdf,R19E05972.pdf
R19E01473.pdf,R19E02973.pdf,R19E04473.pdf,R19E05973.pdf
R19E01474.pdf,R19E02974.pdf,R19E04474.pdf,R19E05974.pdf
R19E01475.pdf,R19E02975.pdf,R19E04475.pdf,R19E05975.pdf
R19E01476.pdf,R19E02976.pdf,R19E04476.pdf,R19E05976.pdf
R19E01477.pdf,R19E02977.pdf,R19E04477.pdf,R19E05977.pdf
R19E01478.pdf,R19E02978.pdf,R19E04478.pdf,R19E05978.pdf
R19E01479.pdf,R19E02979.pdf,R19E04479.pdf,R19E05979.pdf
R19E01480.pdf,R19E02980.pdf,R19E04480.pdf,R19E05980.pdf
R19E01481.pdf,R19E02981.pdf,R19E04481.pdf,R19E05981.pdf
R19E01482.pdf,R19E02982.pdf,R19E04482.pdf,R19E05982.pdf
R19E01483.pdf,R19E02983.pdf,R19E04483.pdf,R19E05983.pdf
R19E01484.pdf,R19E02984.pdf,R19E04484.pdf,R19E05984.pdf
R19E01485.pdf,R19E02985.pdf,R19E04485.pdf,R19E05985.pdf
R19E01486.pdf,R19E02986.pdf,R19E04486.pdf,R19E05986.pdf
R19E01487.pdf,R19E02987.pdf,R19E04487.pdf,R19E05987.pdf
R19E01488.pdf,R19E02988.pdf,R19E04488.pdf,R19E05988.pdf
R19E01489.pdf,R19E02989.pdf,R19E04489.pdf,R19E05989.pdf
R19E01490.pdf,R19E02990.pdf,R19E04490.pdf,R19E05990.pdf
R19E01491.pdf,R19E02991.pdf,R19E04491.pdf,R19E05991.pdf
R19E01492.pdf,R19E02992.pdf,R19E04492.pdf,R19E05992.pdf
R19E01493.pdf,R19E02993.pdf,R19E04493.pdf,R19E05993.pdf
R19E01494.pdf,R19E02994.pdf,R19E04494.pdf,R19E05994.pdf
R19E01495.pdf,R19E02995.pdf,R19E04495.pdf,R19E05995.pdf
R19E01496.pdf,R19E02996.pdf,R19E04496.pdf,R19E05996.pdf
R19E01497.pdf,R19E02997.pdf,R19E04497.pdf,R19E05997.pdf
R19E01498.pdf,R19E02998.pdf,R19E04498.pdf,R19E05998.pdf
R19E01499.pdf,R19E02999.pdf,R19E04499.pdf,R19E05999.pdf
R19E01500.pdf,R19E03000.pdf,R19E04500.pdf,R19E06000.pdf
